doid,episode,title,startAt,endAt,BOID,strength,name,type,nature,category,url,provider,Item ID,ref price,bbox,actor,character,ref image,sampled,description,service area,service model
dwn10lbnzad4a14ba3343,1,Euphoria Season 2 Episode 1,581.0,590.0,brm50spnzdc5ec6876223,50,ADIDAS ORIGINALS ADICOLOR CLASSICS 3-STRIPES CREW SWEATSHIRT,merchandise,l,sweats,/,primary,/,/,<0.62-0.09-0.81-0.66>,Jacob Elordi,Nate Jacobs,/,585.39,/,N/A,N/A
dwn10lbnzad4a14ba3343,1,Euphoria Season 2 Episode 1,581.0,590.0,brm1spnz515b66c11338,25,River Island essential crew neck sweatshirt in black - part of a set,merchandise,l,sweats,https://www.asos.com/river-island/river-island-essential-relaxed-fit-set-in-black/grp/208416343#colourWayId-207779519&productId-207779513,asos,/,USD 65,<0.62-0.09-0.81-0.66>,Jacob Elordi,Nate Jacobs,https://images.asos-media.com/products/river-island-essential-crew-neck-sweatshirt-in-black-part-of-a-set/207779513-1-black,585.39,/,global,e-retailer
dwn10lbnzad4a14ba3343,1,Euphoria Season 2 Episode 1,581.0,590.0,brm1spnz491c0c47350,25,Aape By A Bathing Ape embossed logo sweatshirt in black,merchandise,l,sweats,https://www.asos.com/aape-by-a-bathing-ape/aape-by-a-bathing-ape-embossed-logo-sweatshirt-in-black/prd/207571352#colourWayId-207571362,asos,/,USD 145,<0.62-0.09-0.81-0.66>,Jacob Elordi,Nate Jacobs,https://images.asos-media.com/products/aape-by-a-bathing-ape-embossed-logo-sweatshirt-in-black/207571352-1-black,585.39,/,global,e-retailer
dwn10lbnzad4a14ba3343,1,Euphoria Season 2 Episode 1,581.0,590.0,brm1spnze679e2ea1421,25,AAPE By A Bathing Ape university cardigan in black,merchandise,l,sweats,https://www.asos.com/aape-by-a-bathing-ape/aape-by-a-bathing-ape-university-cardigan-in-black/prd/207241328#colourWayId-207241329,asos,/,USD 229,<0.62-0.09-0.81-0.66>,Jacob Elordi,Nate Jacobs,https://images.asos-media.com/products/aape-by-a-bathing-ape-university-cardigan-in-black/207241328-1-black,585.39,/,global,e-retailer
dwn10lbnzad4a14ba3343,1,Euphoria Season 2 Episode 1,581.0,590.0,brm1spnz174a3a551639,25,Mens Cardigan Long Open Front Draped Lightweight Hooded Sweater with Pockets,merchandise,l,sweats,https://amazon.com/dp/B07X8NZYTJ,amazon,/,USD 34.99,<0.62-0.09-0.81-0.66>,Jacob Elordi,Nate Jacobs,"https://m.media-amazon.com/images/I/31CnupXpxzL._AC_SR600,600_.jpg",585.39,/,global,platform
dwn10lbnzad4a14ba3343,1,Euphoria Season 2 Episode 1,242.0,251.0,brm50spnzbecb997c851,50,Ralph Lauren Kids' Color Block Cotton Piquet Polo Shirt In Blue,merchandise,l,shirt,/,primary,/,/,<0.18-0.19-0.94-0.84>,Angus Cloud,Fezco,/,246.7,/,N/A,N/A
dwn10lbnzad4a14ba3343,1,Euphoria Season 2 Episode 1,242.0,251.0,brm1spnz62d24ff28575,25,Neu! - Krautrock T-Shirt shirts graphic tee blue archive boys animal print korean fashion Men's t-shirt,merchandise,l,top,https://www.aliexpress.com/item/3256807991734656.html,aliexpress,/,USD 75.1,<0.18-0.19-0.94-0.84>,Angus Cloud,Fezco,https://ae-pic-a1.aliexpress-media.com/kf/S33c483ecda5d423a92219882397ff852H.jpg,246.7,/,global,platform
dwn10lbnzad4a14ba3343,1,Euphoria Season 2 Episode 1,242.0,251.0,brm1spnz36d594234520,25,Psych - A Playa Named Gus Shirt - The Smooth Storm T-Shirt shirts graphic summer clothes T-shirt men,merchandise,l,top,https://www.aliexpress.com/item/3256807940194650.html,aliexpress,/,USD 74.17,<0.18-0.19-0.94-0.84>,Angus Cloud,Fezco,https://ae-pic-a1.aliexpress-media.com/kf/S6089cc6b0baa4603aacf2f4bcd40a732H.jpg,246.7,/,global,platform
dwn10lbnzad4a14ba3343,1,Euphoria Season 2 Episode 1,242.0,251.0,brm1spnz5514d6702260,25,US Male T-Shirt oversized customs design your own big and tall t shirts for men,merchandise,l,top,https://www.aliexpress.com/item/3256807903059587.html,aliexpress,/,USD 74.89,<0.18-0.19-0.94-0.84>,Angus Cloud,Fezco,https://ae-pic-a1.aliexpress-media.com/kf/S38e2bedc30cc49f987d354812a1e7790M.jpg,246.7,/,global,platform
dwn10lbnzad4a14ba3343,1,Euphoria Season 2 Episode 1,242.0,251.0,brm1spnzebc308378142,25,Peace Sign Symbol Dark T-Shirt shirts graphic shirts graphic tee designer shirts anime men,merchandise,l,top,https://www.aliexpress.com/item/3256807903793379.html,aliexpress,/,USD 74.89,<0.18-0.19-0.94-0.84>,Angus Cloud,Fezco,https://ae-pic-a1.aliexpress-media.com/kf/S636a598cfa5d4e229459ad43319e16888.jpg,246.7,/,global,platform
dwn10lbnzad4a14ba3343,1,Euphoria Season 2 Episode 1,242.0,251.0,brm1spnz5939a5714635,25,This Is The Day We Won Away T-Shirt graphic tee shirt boys whites vintage summer tops designer t shirt men,merchandise,l,top,https://www.aliexpress.com/item/3256807901844889.html,aliexpress,/,USD 75.1,<0.18-0.19-0.94-0.84>,Angus Cloud,Fezco,https://ae-pic-a1.aliexpress-media.com/kf/Sca855758ede3437e9db481fe644f6aa3v.jpg,246.7,/,global,platform
dwn10lbnzad4a14ba3343,1,Euphoria Season 2 Episode 1,242.0,251.0,brm1spnz758a58b78859,25,Work Smart - Every Damn Day T-Shirt graphic t shirts anime quick-drying designer shirts designer t shirt men,merchandise,l,top,https://www.aliexpress.com/item/3256807901669857.html,aliexpress,/,USD 35.06,<0.18-0.19-0.94-0.84>,Angus Cloud,Fezco,https://ae-pic-a1.aliexpress-media.com/kf/See9978c818534886941352d804c07fccK.jpg,246.7,/,global,platform
dwn10lbnzad4a14ba3343,1,Euphoria Season 2 Episode 1,242.0,251.0,brm1spnz5237ace22410,25,What? T-Shirt anime boys whites new edition korean fashion heavyweight t shirts for men,merchandise,l,top,https://www.aliexpress.com/item/3256807701517052.html,aliexpress,/,USD 74.89,<0.18-0.19-0.94-0.84>,Angus Cloud,Fezco,https://ae-pic-a1.aliexpress-media.com/kf/Se3d250259fbd4ea1b2bb78d1fd5c2239L.jpg,246.7,/,global,platform
dwn10lbnzad4a14ba3343,1,Euphoria Season 2 Episode 1,242.0,251.0,brm1spnz61f1e326914,25,Comma La T-Shirt hippie clothes custom t shirt customs design your own men clothings,merchandise,l,top,https://www.aliexpress.com/item/3256807895896815.html,aliexpress,/,USD 42.4,<0.18-0.19-0.94-0.84>,Angus Cloud,Fezco,https://ae-pic-a1.aliexpress-media.com/kf/S3dd5e4672a654735a63ee58f4b56ae42K.jpg,246.7,/,global,platform
dwn10lbnzad4a14ba3343,1,Euphoria Season 2 Episode 1,242.0,251.0,brm1spnzdd417ab67500,25,Doc Holliday Tombstone For Fans T-Shirt hippie clothes cute tops designer shirts kawaii clothes men t shirts,merchandise,l,top,https://www.aliexpress.com/item/3256807888676863.html,aliexpress,/,USD 74.89,<0.18-0.19-0.94-0.84>,Angus Cloud,Fezco,https://ae-pic-a1.aliexpress-media.com/kf/Sb251d5b8eb6a40e09d6f1f23ff7b34d0M.jpg,246.7,/,global,platform
dwn10lbnzad4a14ba3343,1,Euphoria Season 2 Episode 1,256.0,3430.0,brm50spnz5c764b9b1087,50,Awge X Amina Muaddi Official “LSD Thigh-High Gladiator Crystal Heels,merchandise,l,shoes,/,primary,/,/,<0.62-0.04-0.93-0.56>*<0.39-0.42-0.67-0.55>*<0.16-0.2-0.57-0.52>*<0.44-0.45-0.53-0.96>*<0.02-0.26-0.36-0.93>*<0.19-0.18-0.89-0.45>,Alexa Demie,Maddy Perez,/,256.43-712.22-2089.65-2428.74-2846.35-3429.43,/,N/A,N/A
dwn10lbnzad4a14ba3343,1,Euphoria Season 2 Episode 1,278.0,287.0,brm50spnz08635fe71666,50,Youth Jordan Brand Black Jumpman Shooter V-Neck T-Shirt,merchandise,l,top,/,primary,/,/,<0.28-0.12-0.52-0.65>,Angus Cloud,Fezco,/,282.22,/,N/A,N/A
dwn10lbnzad4a14ba3343,1,Euphoria Season 2 Episode 1,569.0,578.0,brm50spnz8e3268ac2182,50,Supreme 7's Rugby L/s Long Sleeve Shirt Polo Green,merchandise,l,shirt,/,primary,/,/,<0.08-0.12-0.51-0.77>,Angus Cloud,Fezco,/,573.04,/,N/A,N/A
dwn10lbnzad4a14ba3343,1,Euphoria Season 2 Episode 1,1924.0,1933.0,brm50spnzccc11ca87624,50,Batsheva “Ruffle Red Pant,merchandise,l,bottoms,/,primary,/,/,<0.34-0.1-0.72-0.96>,Maude Apatow,Lexi Howard,/,1928.13,/,N/A,N/A
dwn10lbnzad4a14ba3343,1,Euphoria Season 2 Episode 1,1934.0,1943.0,brm50spnze763d3cb1145,50,Batsheva “Square Neck Cotton Top” in Turmeric Embroidered Taffeta Pattern,merchandise,l,top,/,primary,/,/,<0.1-0.05-0.56-0.97>,Maude Apatow,Lexi Howard,/,1938.91,/,N/A,N/A
dwn10lbnzad4a14ba3343,1,Euphoria Season 2 Episode 1,2086.0,2095.0,brm50spnzb8d4f1cb759,50,BP Jewelry ‘Maddy’ Necklace (Silver),merchandise,l,necklace,/,primary,/,/,<0.58-0.19-0.78-0.72>,Alexa Demie,Maddy Perez,/,2090.61,/,N/A,N/A
dwn10lbnzad4a14ba3343,1,Euphoria Season 2 Episode 1,2087.0,2096.0,brm50spnz9285628d173,50,AMIRI Playboy Bunny-print silk shirt,merchandise,l,shirt,/,primary,/,/,<0.24-0.16-0.5-0.93>,,,/,2091.87,/,N/A,N/A
dwn10lbnzad4a14ba3343,1,Euphoria Season 2 Episode 1,2227.0,2236.0,brm50spnz6c232cb02943,50,Hood By Air Layered Graphic L/S T-Shirt,merchandise,l,top,/,primary,/,/,<0.28-0.19-0.54-0.98>,,,/,2231.78,/,N/A,N/A
dwn10lbnzad4a14ba3343,1,Euphoria Season 2 Episode 1,2878.0,2887.0,brm50spnz46250eef8581,50,Prada ‘Appliquéd Patent Leather Sandals’,merchandise,l,shoes,/,primary,/,/,<0.56-0.03-0.69-0.82>,Sydney Sweeney,Cassie Howard,/,2882.13,/,N/A,N/A
dwn10lbnzad4a14ba3343,1,Euphoria Season 2 Episode 1,3038.0,3047.0,brm50spnzfaa680799549,50,House of CB Ella Dress,merchandise,l,dress,/,primary,/,/,<0.36-0.26-0.62-0.95>,Sydney Sweeney,Cassie Howard,/,3042.87,/,N/A,N/A
dwn10lbnzad4a14ba3343,1,Euphoria Season 2 Episode 1,3510.0,3519.0,brm50spnz086120714730,50,Mimi Wade Fairy Liquid Babydoll Dress,merchandise,l,dress,/,primary,/,/,<0.4-0.26-0.51-0.92>,Barbie Ferreira,Kat Hernandez,/,3514.7,/,N/A,N/A
dwn10lbnzad4a14ba3343,1,Euphoria Season 2 Episode 1,3511.0,3520.0,brm50spnzb2e535b69567,50,Pamela Love Dagger Pendant,merchandise,l,necklace,/,primary,/,/,<0.3-0.02-0.61-0.97>,Barbie Ferreira,Kat Hernandez,/,3515.26,/,N/A,N/A
dwn10lbnzad4a14ba3343,1,Euphoria Season 2 Episode 1,1934.0,1943.0,brm1spnz3ab114d36792,25,"Mean Ghouls T-Shirt, Mean Ghouls Halloween Lets Go Ghouls Spooky Season, Cute Halloween Ghost Shirt, Spooky Season Womens Tee -HF068",merchandise,l,top,https://www.etsy.com/listing/1775028163/mean-ghouls-t-shirt-mean-ghouls,etsy,/,USD 15.98,<0.1-0.05-0.56-0.97>,Maude Apatow,Lexi Howard,https://i.etsystatic.com/39256010/r/il/e1d954/6182055110/il_fullxfull.6182055110_t0ye.jpg,1938.91,/,N/A,N/A
dwn10lbnzad4a14ba3343,1,Euphoria Season 2 Episode 1,1934.0,1943.0,brm1spnze7f1176e6873,25,"Tis The Season Halloween T-shirt, Halloween Party, Spooky Pumpkin Tee, Halloween Shirt, Halloween Gift, Halloween Women Tee, Bus Shirt-HF085",merchandise,l,top,https://www.etsy.com/listing/1771908752/tis-the-season-halloween-t-shirt,etsy,/,USD 15.98,<0.1-0.05-0.56-0.97>,Maude Apatow,Lexi Howard,https://i.etsystatic.com/39256010/r/il/3189e7/6233368026/il_fullxfull.6233368026_qw9g.jpg,1938.91,/,N/A,N/A
dwn10lbnzad4a14ba3343,1,Euphoria Season 2 Episode 1,1934.0,1943.0,brm1spnzbfa251021980,25,Cute Patchwork Slim Cotton Crop Top Women Sexy Strapless Sleeveless Bow Camis Femme 2023 Summer Sweet Knitted Tank Tops Y2k Chic,merchandise,l,top,https://www.aliexpress.com/item/3256805085422198.html,aliexpress,/,USD 10.58,<0.1-0.05-0.56-0.97>,Maude Apatow,Lexi Howard,https://ae01.alicdn.com/kf/S71b1857a75164a668eecbb1b623d8904Z/Cute-Patchwork-Slim-Cotton-Crop-Top-Women-Sexy-Strapless-Sleeveless-Bow-Camis-Femme-2023-Summer-Sweet.jpg,1938.91,/,global,platform
dwn10lbnzad4a14ba3343,1,Euphoria Season 2 Episode 1,278.0,287.0,brm1spnz9426d8eb1519,25,Men's Short Sleeve Crew Neck Pima Cotton Jersey T-Shirt,merchandise,l,top,https://amazon.com/dp/B01MEHSPGK,amazon,/,USD 33.6,<0.28-0.12-0.52-0.65>,Angus Cloud,Fezco,"https://m.media-amazon.com/images/I/31PIdUJp44L._AC_SR600,600_.jpg",282.22,/,global,platform
dwn10lbnzad4a14ba3343,1,Euphoria Season 2 Episode 1,569.0,578.0,brm1spnzb4fe8dfb1589,25,Monkey Mind Men's Tank - Yoga Men Tank - Festival Wear - Sacred Geometry Mens Tee - Graphic tee - Yoga mens clothing - Space mens tank,merchandise,l,top,https://www.etsy.com/listing/1186506844/monkey-mind-mens-tank-yoga-men-tank,etsy,/,USD 26.0,<0.08-0.12-0.51-0.77>,Angus Cloud,Fezco,https://i.etsystatic.com/11338980/r/il/6fbcf2/3315856904/il_fullxfull.3315856904_ancy.jpg,573.04,/,N/A,N/A
dwn10lbnzad4a14ba3343,1,Euphoria Season 2 Episode 1,3511.0,3520.0,brm1spnzf1e000f18731,25,Adornia 14K Gold Plated Crystal Halo White Mother-Of-Pearl Clover Necklace,merchandise,l,necklace,https://www.shein.com/Adornia-14K-Gold-Plated-Crystal-Halo-White-Mother-Of-Pearl-Clover-Necklace-p-39434055.html,shein,/,USD 125,<0.3-0.02-0.61-0.97>,Barbie Ferreira,Kat Hernandez,https://img.ltwebstatic.com/images3_spmp/2024/07/24/5d/1721813504fd77b0f94dc7e62696ce6de5583bc67f_square_thumbnail_405x552.jpg,3515.26,/,global,platform
dwn10lbnzad4a14ba3343,1,Euphoria Season 2 Episode 1,3511.0,3520.0,brm1spnz7da30af7533,25,YIMERAIRE Picture Necklace 18K Gold Plated Personalized Photo Pendant for Men Customized Necklaces for Women Memory Medallion Pendant W/Tennis/Cuban/Rope Chain Dog Tag Necklace Hip Hop Jewelry,merchandise,l,necklace,https://www.amazon.com/dp/B07T3F38WH,amazon,/,USD 17.99,<0.3-0.02-0.61-0.97>,Barbie Ferreira,Kat Hernandez,https://m.media-amazon.com/images/I/41KXwcEkKdL._AC_US600_.jpg,3515.26,/,global,platform
dwn10lbnzad4a14ba3343,1,Euphoria Season 2 Episode 1,3511.0,3520.0,brm1spnzcec902669569,25,YIMERAIRE Picture Necklace 18K Gold Plated Personalized Photo Pendant for Men Customized Necklaces for Women Memory Medallion Pendant W/Tennis/Cuban/Rope Chain Dog Tag Necklace Hip Hop Jewelry,merchandise,l,necklace,https://www.amazon.com/dp/B08FD99MGT,amazon,/,USD 19.99,<0.3-0.02-0.61-0.97>,Barbie Ferreira,Kat Hernandez,https://m.media-amazon.com/images/I/71FaYWpq-PL._AC_UL960_FMwebp_QL65_.jpg,3515.26,/,global,platform
dwn10lbnzad4a14ba3343,1,Euphoria Season 2 Episode 1,3511.0,3520.0,brm1spnz97327cdf6963,25,Personalized eye necklace Mother gift Customized jewelry Human eyes Custom gift Personalized pendant Engraving Custom text Women necklace,merchandise,l,necklace,https://www.etsy.com/listing/798210254/personalized-eye-necklace-mother-gift,etsy,/,USD 22.0,<0.3-0.02-0.61-0.97>,Barbie Ferreira,Kat Hernandez,https://i.etsystatic.com/12804966/r/il/a6505b/6160827830/il_fullxfull.6160827830_6niw.jpg,3515.26,/,N/A,N/A
dwn10lbnzad4a14ba3343,1,Euphoria Season 2 Episode 1,3511.0,3520.0,brm1spnz3a1de894833,25,Sterling Silver Moon Castle Romantic AAAA zircon Necklace and sensitive earrings wire earrings/925 Silver Jewelry/women necklace,merchandise,l,necklace,https://www.etsy.com/listing/1368602626/sterling-silver-moon-castle-romantic,etsy,/,USD 42.99,<0.3-0.02-0.61-0.97>,Barbie Ferreira,Kat Hernandez,https://i.etsystatic.com/21526755/r/il/857db2/4474219198/il_fullxfull.4474219198_9hql.jpg,3515.26,/,N/A,N/A
dwn10lbnzad4a14ba3343,1,Euphoria Season 2 Episode 1,3511.0,3520.0,brm1spnz3ba65c277601,25,Mkhhy Jewelry for Women Wife Infinity Heart Birthstone I Love You Necklace for Women S925 Sterling Silver Wedding Anniversary Birthday Gifts for Wife Girlfriend Women's jewelry Diamond Pendant Necklaces Gift for Her Mom Daughter Grandma on Birthday Anniversary Christmas Mother’s Day Valentine’s Day,merchandise,l,necklace,https://www.amazon.com/dp/B09XCK5XP1,amazon,/,USD 139.99,<0.3-0.02-0.61-0.97>,Barbie Ferreira,Kat Hernandez,https://m.media-amazon.com/images/I/41U6QnWegEL._AC_US600_.jpg,3515.26,/,global,platform
dwn10lbnzad4a14ba3343,1,Euphoria Season 2 Episode 1,3511.0,3520.0,brm1spnz581603706804,25,Jovono Rhinestone Choker Necklaces Crystal Rhinestone Necklace Sparkly Long Necklace Jewelry for Women,merchandise,l,necklace,https://www.amazon.com/dp/B07JQN7MMR,amazon,/,USD 11.99,<0.3-0.02-0.61-0.97>,Barbie Ferreira,Kat Hernandez,https://m.media-amazon.com/images/I/51gETrwrzyL._AC_US600_.jpg,3515.26,/,global,platform
dwn10lbnzad4a14ba3343,1,Euphoria Season 2 Episode 1,3511.0,3520.0,brm1spnzaaa21e354146,25,S.Leaf Sterling Silver Cat Necklaces for Women Cat Jewelry for Women Cat Accessories for Women Cat Mom Lover Lady Themed Gifts Cute Silver Kitten Jewelry Birthday Gifts for Women,merchandise,l,necklace,https://www.amazon.com/dp/B01KK64SOM,amazon,/,USD 25.48,<0.3-0.02-0.61-0.97>,Barbie Ferreira,Kat Hernandez,https://m.media-amazon.com/images/I/61bH2mx0OEL._AC_UL960_FMwebp_QL65_.jpg,3515.26,/,global,platform
dwn10lbnzad4a14ba3343,1,Euphoria Season 2 Episode 1,3511.0,3520.0,brm1spnza8bd3d7d5332,25,"Urn Necklace With Dragonfly Design, Women Necklace Gift, Women Pendant, Jewelry Gift For Her, Cremation Pendant, Urn Gift For Wife",merchandise,l,necklace,https://www.etsy.com/listing/1875238534/urn-necklace-with-dragonfly-design-women,etsy,/,USD 44.98,<0.3-0.02-0.61-0.97>,Barbie Ferreira,Kat Hernandez,https://i.etsystatic.com/34950599/r/il/a1661a/6770027265/il_fullxfull.6770027265_8167.jpg,3515.26,/,N/A,N/A
dwn10lbnzad4a14ba3343,1,Euphoria Season 2 Episode 1,2086.0,2095.0,brm1spnz051d660f4206,25,XIANNVXI Necklaces for Women Crescent Moon Pendant Necklace Tree of Life Wire Wrapped Crystal Necklaces Natural Gemstone Quartz Jewelry for Women Men,merchandise,l,necklace,https://www.amazon.com/dp/B089H1G5SM,amazon,/,USD 14.99,<0.58-0.19-0.78-0.72>,Alexa Demie,Maddy Perez,https://m.media-amazon.com/images/I/41T8gu1t0zL._AC_US600_.jpg,2090.61,/,global,platform
dwn10lbnzad4a14ba3343,1,Euphoria Season 2 Episode 1,2086.0,2095.0,brm1spnzb3ca4a682493,25,Long Disc Pendant Necklace for Women 18K Gold Plated Sweater Chain Fashion Jewelry,merchandise,l,necklace,https://amazon.com/dp/B07K7BF8K5,amazon,/,USD 12.99,<0.58-0.19-0.78-0.72>,Alexa Demie,Maddy Perez,https://m.media-amazon.com/images/I/51bEeIU9uqL._AC_US600_.jpg,2090.61,/,global,platform
dwn10lbnzad4a14ba3343,1,Euphoria Season 2 Episode 1,2086.0,2095.0,brm1spnz48806d801066,25,Guardian Angel Silver Crystal Necklace - 925 Silver Crystal Symbol of Courage and Purity for Women,merchandise,l,necklace,https://amazon.com/dp/B0D8T2NFNY,amazon,/,USD 39.99,<0.58-0.19-0.78-0.72>,Alexa Demie,Maddy Perez,https://m.media-amazon.com/images/I/31Qj+J2XGRL._AC_US600_.jpg,2090.61,/,global,platform
dwn10lbnzad4a14ba3343,1,Euphoria Season 2 Episode 1,2086.0,2095.0,brm1spnz68e9f33e282,25,"Reve Reve Stainless Steel Black & Silver Cross Pendant Necklace for Men Women, 20-24 Inches Curb Chain",merchandise,l,necklace,https://www.amazon.com/dp/B073VG81KJ,amazon,/,USD 12.99,<0.58-0.19-0.78-0.72>,Alexa Demie,Maddy Perez,https://m.media-amazon.com/images/I/41aW6Zq4e2L._AC_US600_.jpg,2090.61,/,global,platform
dwn10lbnzad4a14ba3343,1,Euphoria Season 2 Episode 1,2086.0,2095.0,brm1spnz0c1c0b1b6388,25,"Vaerine 1 Set Elegant Fashion Luxury Classic 925 Sterling Silver Cubic Zirconia Shell Clover/5 Petal Flower Embellished Earrings, Necklace, Ring, Bracelet Jewelry Set, Suitable For Women Holiday, Travel, Party, Valentine's Day Gift",merchandise,l,necklace,https://www.shein.com/Vaerine-1-Set-Elegant-Fashion-Luxury-Classic-925-Sterling-Silver-Cubic-Zirconia-Shell-Clover-5-Petal-Flower-Embellished-Earrings-Necklace-Ring-Bracelet-Jewelry-Set-Suitable-For-Women-Holiday-Travel-Party-Valentine-s-Day-Gift-p-57275560.html,shein,/,USD 42.9,<0.58-0.19-0.78-0.72>,Alexa Demie,Maddy Perez,https://img.ltwebstatic.com/images3_spmp/2025/02/17/fd/1739774382d6f6e191272eae1d96d4a27ef97d230f_thumbnail_405x552.jpg,2090.61,/,global,platform
dwn10lbnzad4a14ba3343,1,Euphoria Season 2 Episode 1,2086.0,2095.0,brm1spnze599d8012352,25,"Navy blue necklace, beaded necklace, bridesmaids necklaces, dark blue seed bead necklace,navy necklace, women necklace, gifts",merchandise,l,necklace,https://www.etsy.com/listing/1259758517/navy-blue-necklace-beaded-necklace,etsy,/,USD 29.0,<0.58-0.19-0.78-0.72>,Alexa Demie,Maddy Perez,https://i.etsystatic.com/7365298/r/il/ca79b1/3976615500/il_fullxfull.3976615500_czrw.jpg,2090.61,/,N/A,N/A
dwn10lbnzad4a14ba3343,1,Euphoria Season 2 Episode 1,2086.0,2095.0,brm1spnz8f079d372238,25,1 Pc 0.5ct Simple Smile Seven Princesses Moissan Diamond Necklace S925or925 Sterling Silver Elegant Eternity Engagement Necklace Wedding Necklace Luxury Ladies Jewelry Gift,merchandise,l,necklace,https://www.shein.com/1-Pc-0-5ct-Simple-Smile-Seven-Princesses-Moissan-Diamond-Necklace-S925or925-Sterling-Silver-Elegant-Eternity-Engagement-Necklace-Wedding-Necklace-Luxury-Ladies-Jewelry-Gift-p-36518950.html,shein,/,USD 15.2,<0.58-0.19-0.78-0.72>,Alexa Demie,Maddy Perez,https://img.ltwebstatic.com/images3_spmp/2024/06/04/56/1717481809ae5723e694bb7c51a9386187392fc40c_thumbnail_405x552.jpg,2090.61,/,global,platform
dwn10lbnzad4a14ba3343,1,Euphoria Season 2 Episode 1,2086.0,2095.0,brm1spnz09a106905704,25,"Bubble Letter Initial Necklace For Women, Colorful Balloon Alphabet Name Pendant Dainty Cute 14K Gold Plated Necklaces Jewelry Gifts",merchandise,l,necklace,https://www.shein.com/Bubble-Letter-Initial-Necklace-For-Women-Colorful-Balloon-Alphabet-Name-Pendant-Dainty-Cute-14K-Gold-Plated-Necklaces-Jewelry-Gifts-p-47189603.html,shein,/,USD 16.6,<0.58-0.19-0.78-0.72>,Alexa Demie,Maddy Perez,https://img.ltwebstatic.com/images3_spmp/2024/11/07/ea/17309511760aa2bff8e2491ff8df979f5cbb05f302_square_thumbnail_405x552.jpg,2090.61,/,global,platform
dwn10lbnzad4a14ba3343,1,Euphoria Season 2 Episode 1,2086.0,2095.0,brm1spnz969a17d37424,25,"S925 Necklace Gift for Wife, Compass Jewelry Women Wedding Anniversary, Sterling Silver Girlfriend Birthday Gifts for Her, Girls Necklaces for Daughter Valentines Day Mom Mothers Day, I'd be Lost without You",merchandise,l,necklace,https://amazon.com/dp/B0BDJYS3D2,amazon,/,USD 129.99,<0.58-0.19-0.78-0.72>,Alexa Demie,Maddy Perez,https://m.media-amazon.com/images/I/41CA51mGoCL._AC_US600_.jpg,2090.61,/,global,platform
dwn10lbnzad4a14ba3343,1,Euphoria Season 2 Episode 1,569.0,578.0,brm1spnz3ffddf168761,25,Coffee Cup Beans Summer 2024 Popular Printed On Top T-Shirt Premium Cotton Luxury Designer T-Shirts For Men Top T-Shirt,merchandise,l,top,https://www.aliexpress.com/item/3256807786157547.html,aliexpress,/,USD 101.75,<0.08-0.12-0.51-0.77>,Angus Cloud,Fezco,https://ae-pic-a1.aliexpress-media.com/kf/Sb90e901e41174129ad41fcdb606a0017v.jpg,573.04,/,global,platform
dwn10lbnzad4a14ba3343,1,Euphoria Season 2 Episode 1,569.0,578.0,brm1spnz3ccbeac18016,25,Brutus © #2 T-Shirt - Dirty Buff Man Tee - Perfect Gift for Him,merchandise,l,top,https://www.etsy.com/listing/1863423888/brutus-2-t-shirt-dirty-buff-man-tee,etsy,/,USD 14.99,<0.08-0.12-0.51-0.77>,Angus Cloud,Fezco,https://i.etsystatic.com/57441189/r/il/858bcf/6841040597/il_fullxfull.6841040597_61ds.jpg,573.04,/,N/A,N/A
dwn10lbnzad4a14ba3343,1,Euphoria Season 2 Episode 1,569.0,578.0,brm1spnz663b8c9b6468,25,Official Triple Crown of Surfing Contest Hawaii Men's Limited Edition Long Sleeve Tee Shirt Original Surf Art New With Tags FREE SHIPPING,merchandise,l,top,https://www.etsy.com/listing/1534779542/official-triple-crown-of-surfing-contest,etsy,/,USD 24.5,<0.08-0.12-0.51-0.77>,Angus Cloud,Fezco,https://i.etsystatic.com/7030222/r/il/d3b87d/5255944633/il_fullxfull.5255944633_rmpo.jpg,573.04,/,N/A,N/A
dwn10lbnzad4a14ba3343,1,Euphoria Season 2 Episode 1,569.0,578.0,brm1spnzf7f60ef2407,25,"Bookish Trump T-Shirt, Felon Voting Political Shirt, Morally Gray Men Tee, Book Reader Graphic Shirt, Political Statement Tee",merchandise,l,top,https://www.etsy.com/listing/1810279504/bookish-trump-t-shirt-felon-voting,etsy,/,USD 24.99,<0.08-0.12-0.51-0.77>,Angus Cloud,Fezco,https://i.etsystatic.com/45384412/r/il/8329a0/6422663728/il_fullxfull.6422663728_7sdg.jpg,573.04,/,N/A,N/A
dwn10lbnzad4a14ba3343,1,Euphoria Season 2 Episode 1,2915.0,2924.0,brm50spnza3bab7623888,50,Online Ceramics “Sun and Moon” Sterling Silver Necklace,merchandise,l,necklace,/,primary,/,/,<0.38-0.11-0.57-0.7>,Hunter Schafer,Jules Vaughn,/,2919.87,/,N/A,N/A
dwn10lbnza7f238c61096,2,Euphoria Season 2 Episode 2,741.0,750.0,brm50spnz9ce1d6227493,50,Agent Provocateur Synthetic Berry Embellished Bikini Top,merchandise,l,sportswear,/,primary,/,/,<0.32-0.19-0.45-0.7>,Alexa Demie,Maddy Perez,/,745.61,/,N/A,N/A
dwn10lbnza7f238c61096,2,Euphoria Season 2 Episode 2,802.0,811.0,brm50spnz6388500f4928,50,"Vintage Thierry Mugler Black Space Age Cocktail Dress, 1980s",merchandise,l,dress,/,primary,/,/,<0.22-0.11-0.38-0.76>,Alexa Demie,Maddy Perez,/,806.57,/,N/A,N/A
dwn10lbnza7f238c61096,2,Euphoria Season 2 Episode 2,944.0,953.0,brm50spnz00155d7a6497,50,Blumarine Vintage Fur Collar Cardigan,merchandise,l,sweats,/,primary,/,/,<0.58-0.22-0.74-0.65>,Alexa Demie,Maddy Perez,/,948.43,/,N/A,N/A
dwn10lbnza7f238c61096,2,Euphoria Season 2 Episode 2,1113.0,1122.0,brm50spnzbb73e8322873,50,Jiwinaia Urlo Necklace,merchandise,l,necklace,/,primary,/,/,<0.49-0.2-0.69-0.89>,Barbie Ferreira,Kat Hernandez,/,1117.57,/,N/A,N/A
dwn10lbnza7f238c61096,2,Euphoria Season 2 Episode 2,1240.0,1249.0,brm50spnzf76eb16b2540,50,Fiorucci Angel Icon Hoodie (Cropped by costume dept),merchandise,l,sweats,/,primary,/,/,<0.49-0.15-0.55-0.61>,Sydney Sweeney,Cassie Howard,/,1244.39,/,N/A,N/A
dwn10lbnza7f238c61096,2,Euphoria Season 2 Episode 2,1313.0,1322.0,brm50spnz60d786fc4591,50,Lazo Schmidl John T Shirt,merchandise,l,top,/,primary,/,/,<0.3-0.14-0.52-0.91>,Hunter Schafer,Jules Vaughn,/,1317.43,/,N/A,N/A
dwn10lbnza7f238c61096,2,Euphoria Season 2 Episode 2,1313.0,1322.0,brm1spnzb3c722bb1586,25,"Girls Will Be Girls Witch Shirt, Judith Holofernes Feminism Apparel, Dark Humor Womens Tee, Feminist Gift, Smash The Patriarchy Tee For Her",merchandise,l,top,https://www.etsy.com/listing/1879839190/girls-will-be-girls-witch-shirt-judith,etsy,/,USD 18.0,<0.3-0.14-0.52-0.91>,Hunter Schafer,Jules Vaughn,https://i.etsystatic.com/53949854/r/il/ca729b/6793700707/il_fullxfull.6793700707_9wsa.jpg,1317.43,/,N/A,N/A
dwn10lbnza7f238c61096,2,Euphoria Season 2 Episode 2,944.0,953.0,brm1spnza8fa545b6139,25,Amazon Essentials Women's Lightweight Mockneck Sweater (Available in Plus Size),merchandise,l,sweats,https://amazon.com/dp/B07QC4GG78,amazon,/,USD 20.1,<0.58-0.22-0.74-0.65>,Alexa Demie,Maddy Perez,https://m.media-amazon.com/images/I/71SiAwprDhL._AC_UL320_.jpg,948.43,/,global,platform
dwn10lbnza7f238c61096,2,Euphoria Season 2 Episode 2,944.0,953.0,brm1spnzcb760277197,25,Sportswear Set Women's Spring Autumn New Korean Fashion Loose Hooded Long Sleeve Top Casual Pants Two Piece Set,merchandise,l,sweats,https://www.aliexpress.com/item/3256804611519609.html,aliexpress,/,USD 6.48,<0.58-0.22-0.74-0.65>,Alexa Demie,Maddy Perez,https://ae-pic-a1.aliexpress-media.com/kf/S3020ea0fb4454c4ba1ab666042b69406l.jpg,948.43,/,global,platform
dwn10lbnza7f238c61096,2,Euphoria Season 2 Episode 2,944.0,953.0,brm1spnza728b64c9548,25,LOFAAC Women Fleece Full Zip Up Cropped Hoodie Sweatshirt 90s Long Sleeve Drawstring Hooded Crop Jacket Top with Pockets,merchandise,l,sweats,https://www.amazon.com/dp/B0BBKVMH17,amazon,/,USD 27.99,<0.58-0.22-0.74-0.65>,Alexa Demie,Maddy Perez,https://m.media-amazon.com/images/I/51+zS2j6jWL._AC_UL960_FMwebp_QL65_.jpg,948.43,/,global,platform
dwn10lbnza7f238c61096,2,Euphoria Season 2 Episode 2,944.0,953.0,brm1spnz2a5d08c3411,25,LOFAAC Women Fleece Full Zip Up Cropped Hoodie Sweatshirt 90s Long Sleeve Drawstring Hooded Crop Jacket Top with Pockets,merchandise,l,sweats,https://www.amazon.com/dp/B0BBL73MZR,amazon,/,USD 23.69,<0.58-0.22-0.74-0.65>,Alexa Demie,Maddy Perez,"https://m.media-amazon.com/images/I/31V1N1km0LL._AC_SR600,600_.jpg",948.43,/,global,platform
dwn10lbnza7f238c61096,2,Euphoria Season 2 Episode 2,944.0,953.0,brm1spnz7826fc7c5019,25,Weekend Collective quilted nylon cropped half zip pullover jacket in black - part of a set,merchandise,l,sweats,https://www.asos.com/asos-weekend-collective/weekend-collective-quilted-nylon-cropped-half-zip-pullover-jacket-in-black-part-of-a-set/prd/207461733#colourWayId-207461747,asos,/,USD 48,<0.58-0.22-0.74-0.65>,Alexa Demie,Maddy Perez,https://images.asos-media.com/products/weekend-collective-quilted-nylon-cropped-half-zip-pullover-jacket-in-black-part-of-a-set/207461733-1-black,948.43,/,global,e-retailer
dwn10lbnza7f238c61096,2,Euphoria Season 2 Episode 2,944.0,953.0,brm1spnz93548fc99513,25,Noisy May fluffy cropped cardigan in navy,merchandise,l,sweats,https://www.asos.com/noisy-may/noisy-may-fluffy-cropped-cardigan-in-navy/prd/207653260#colourWayId-207653261,asos,/,USD 33,<0.58-0.22-0.74-0.65>,Alexa Demie,Maddy Perez,https://images.asos-media.com/products/noisy-may-fluffy-cropped-cardigan-in-navy/207653260-1-navy,948.43,/,global,e-retailer
dwn10lbnza7f238c61096,2,Euphoria Season 2 Episode 2,944.0,953.0,brm1spnzb41583cf1500,25,ROMWE Grunge Punk Y2K Gyaru Fashionable Harajuku Subculture Angel Wing Embroidery Fitted Zip-Up Hoodie For Women,merchandise,l,sweats,https://www.shein.com/ROMWE-Grunge-Punk-Y2K-Gyaru-Fashionable-Harajuku-Subculture-Angel-Wing-Embroidery-Fitted-Zip-Up-Hoodie-For-Women-p-49562954.html,shein,/,USD 39.89,<0.58-0.22-0.74-0.65>,Alexa Demie,Maddy Perez,http://img.ltwebstatic.com/images3_pi/2024/12/05/05/17333634545ded5d456b0cbeee61a6e285b2512907_thumbnail_405x552.jpg,948.43,/,global,platform
dwn10lbnza7f238c61096,2,Euphoria Season 2 Episode 2,1240.0,1249.0,brm1spnzec635de21300,25,"INAWLY Zip Up Drawstring Thermal Lined Hoodie,Ladies Spring/Fall Casual Drawstring,Pocket,Zipper Long Sleeve Hooded Regular Fit Regular Pink Drop Shoulder Zip Up Women Hoodies,Long Sleeve Tops",merchandise,l,sweats,https://www.shein.com/INAWLY-Zip-Up-Drawstring-Thermal-Lined-Hoodie-Ladies-Spring-Fall-Casual-Drawstring-Pocket-Zipper-Long-Sleeve-Hooded-Regular-Fit-Regular-Pink-Drop-Shoulder-Zip-Up-Women-Hoodies-Long-Sleeve-Tops-p-18033129.html,shein,/,USD 17.19,<0.49-0.15-0.55-0.61>,Sydney Sweeney,Cassie Howard,http://img.ltwebstatic.com/images3_pi/2023/06/19/1687138807c5b191d3a52572698992de0605eae10d_thumbnail_405x552.jpg,1244.39,/,global,platform
dwn10lbnza7f238c61096,2,Euphoria Season 2 Episode 2,1240.0,1249.0,brm1spnz0be797a16600,25,ASOS DESIGN open cardigan with bow tie neck in cream,merchandise,l,sweats,https://www.asos.com/asos-design/asos-design-open-cardigan-with-bow-tie-neck-in-cream/prd/208180751#colourWayId-208180753,asos,/,USD 39.99,<0.49-0.15-0.55-0.61>,Sydney Sweeney,Cassie Howard,https://images.asos-media.com/products/asos-design-open-cardigan-with-bow-tie-neck-in-cream/208180751-1-cream,1244.39,/,global,e-retailer
dwn10lbnza7f238c61096,2,Euphoria Season 2 Episode 2,1240.0,1249.0,brm1spnz3b83fc8e1027,25,Amazon Essentials Women's French Terry Fleece Crewneck Sweatshirt (Available in Plus Size),merchandise,l,sweats,https://amazon.com/dp/B08XQX28TD,amazon,/,USD 24.7,<0.49-0.15-0.55-0.61>,Sydney Sweeney,Cassie Howard,https://m.media-amazon.com/images/I/51gsEdKic3L._AC_UL320_.jpg,1244.39,/,global,platform
dwn10lbnza7f238c61096,2,Euphoria Season 2 Episode 2,1240.0,1249.0,brm1spnza3e839bb7249,25,ANRABESS Womens Cable Knit Cropped Sweaters Long Sleeve Crewneck Striped Casual 2024 Fall Pullover Sweater Top,merchandise,l,sweats,https://amazon.com/dp/B0D7BQFNG7,amazon,/,USD 26.99,<0.49-0.15-0.55-0.61>,Sydney Sweeney,Cassie Howard,https://m.media-amazon.com/images/I/81e1LUd2JAL._AC_UL320_.jpg,1244.39,/,global,platform
dwn10lbnza7f238c61096,2,Euphoria Season 2 Episode 2,1240.0,1249.0,brm1spnz1df776707163,25,Valentine's Day Leopard & Plaid Love Print Women's Casual Waffle Sweatshirt Autumn And Winter,merchandise,l,sweats,https://www.shein.com/Valentine-s-Day-Leopard-Plaid-Love-Print-Women-s-Casual-Waffle-Sweatshirt-Autumn-And-Winter-p-49890389.html,shein,/,USD 17.59,<0.49-0.15-0.55-0.61>,Sydney Sweeney,Cassie Howard,https://img.ltwebstatic.com/images3_spmp/2024/12/05/96/1733397813b03dc696901dc3a4dcd03cf44220ff3a_wk_1733727880_thumbnail_405x552.jpg,1244.39,/,global,platform
dwn10lbnza7f238c61096,2,Euphoria Season 2 Episode 2,1240.0,1249.0,brm1spnzdb0d1b881734,25,ANRABESS Sweaters for Women Oversized Crewneck Long Sleeve Casual Loose Cable Knit Pullover Tops 2024 Fall Vintage Clothes,merchandise,l,sweats,https://amazon.com/dp/B0CHVP1CLP,amazon,/,USD 31.06,<0.49-0.15-0.55-0.61>,Sydney Sweeney,Cassie Howard,"https://m.media-amazon.com/images/I/4152VH21XrL._AC_SR600,600_.jpg",1244.39,/,global,platform
dwn10lbnza7f238c61096,2,Euphoria Season 2 Episode 2,1240.0,1249.0,brm1spnz91ba39ac6486,25,ANRABESS Sweaters for Women Oversized Crewneck Long Sleeve Casual Loose Cable Knit Pullover Tops 2024 Fall Vintage Clothes,merchandise,l,sweats,https://amazon.com/dp/B0CHVQS8BG,amazon,/,USD 45.99,<0.49-0.15-0.55-0.61>,Sydney Sweeney,Cassie Howard,"https://m.media-amazon.com/images/I/4152VH21XrL._AC_SR600,600_.jpg",1244.39,/,global,platform
dwn10lbnza7f238c61096,2,Euphoria Season 2 Episode 2,1240.0,1249.0,brm1spnz38fe98443705,25,Stradivarius knit cardigan vest in ecru,merchandise,l,sweats,https://www.asos.com/stradivarius/stradivarius-knit-cardigan-vest-in-ecru/prd/207876710#colourWayId-207876717,asos,/,USD 37,<0.49-0.15-0.55-0.61>,Sydney Sweeney,Cassie Howard,https://images.asos-media.com/products/stradivarius-knit-cardigan-vest-in-ecru/207876710-1-ecru,1244.39,/,global,e-retailer
dwn10lbnza7f238c61096,2,Euphoria Season 2 Episode 2,438.0,447.0,brm50spnz757ec43d3889,50,Peels Z Jacket,merchandise,l,outerwear,/,primary,/,/,<0.34-0.28-0.7-0.65>,Zendaya,Rue Bennett,/,442.83,/,N/A,N/A
dwn10lbnza7f238c61096,2,Euphoria Season 2 Episode 2,758.0,766.0,brm50spnz0ea230ef3439,50,B-LOW THE BELT WOMEN'S BW527100DNDNMS LIGHT BLUE BELT,merchandise,l,accessories,/,primary,/,/,<0.36-0.23-0.6-0.97>,Alexa Demie,Maddy Perez,/,762.0,/,N/A,N/A
dwn10lbnza7f238c61096,2,Euphoria Season 2 Episode 2,778.0,787.0,brm50spnz8930705f7085,50,"Blumarine Euphoria T-Shirt (Original shirt on the show was vintage blumarine and due to high demand, bluemarine has re-released the shirt)",merchandise,l,top,/,primary,/,/,<0.36-0.02-0.64-0.84>,Alexa Demie,Maddy Perez,/,782.04,/,N/A,N/A
dwn10lbnza7f238c61096,2,Euphoria Season 2 Episode 2,822.0,831.0,brm50spnza100e87f2290,50,Chanel Vintage Spring 1997 Flower CC Tote In Multicolour,merchandise,l,bag,/,primary,/,/,<0.21-0.06-0.43-0.95>,Alexa Demie,Maddy Perez,/,826.57,/,N/A,N/A
dwn10lbnza7f238c61096,2,Euphoria Season 2 Episode 2,913.0,922.0,brm50spnzae5c27e05126,50,Norman Norell Sequinned Purple Mermaid Gown,merchandise,l,dress,/,primary,/,/,<0.35-0.18-0.55-0.7>,Minka Kelly,Samantha,/,917.52,/,N/A,N/A
dwn10lbnza7f238c61096,2,Euphoria Season 2 Episode 2,972.0,981.0,brm50spnz1c55caf35772,50,iGirl Pierced Studs,merchandise,l,earrings,/,primary,/,/,<0.29-0.21-0.63-0.9>,Barbie Ferreira,Kat Hernandez,/,976.96,/,N/A,N/A
dwn10lbnza7f238c61096,2,Euphoria Season 2 Episode 2,1259.0,1268.0,brm50spnzc572c2b41222,50,pacsun John Galt Light Blue Arden Hoodie,merchandise,l,sweats,/,primary,/,/,<0.3-0.07-0.59-0.97>,Sydney Sweeney,Cassie Howard,/,1263.43,/,N/A,N/A
dwn10lbnza7f238c61096,2,Euphoria Season 2 Episode 2,1342.0,1351.0,brm50spnz8aad14565102,50,Heidi Bivens “Custom made Naples T shirt”,merchandise,l,top,/,primary,/,/,<0.57-0.21-0.76-0.91>,Dominic Fike,Elliot,/,1346.26,/,N/A,N/A
dwn10lbnza7f238c61096,2,Euphoria Season 2 Episode 2,1573.0,1582.0,brm50spnz4d1a463f6670,50,Levis Wedgie Icon Jeans,merchandise,l,bottoms,/,primary,/,/,<0.49-0.2-0.73-0.88>,Sydney Sweeney,Cassie Howard,/,1577.04,/,N/A,N/A
dwn10lbnza7f238c61096,2,Euphoria Season 2 Episode 2,1656.0,1665.0,brm50spnz666cdaa31252,50,CF Cashmere Cashmere Sweater,merchandise,l,sweats,/,primary,/,/,<0.56-0.06-0.91-0.96>,Maude Apatow,Lexi Howard,/,1660.35,/,N/A,N/A
dwn10lbnza7f238c61096,2,Euphoria Season 2 Episode 2,1690.0,1699.0,brm50spnzfd7cc05b855,50,Norah Counting Sheep Lola Tee,merchandise,l,top,/,primary,/,/,<0.16-0.04-0.52-0.96>,Maude Apatow,Lexi Howard,/,1694.7,/,N/A,N/A
dwn10lbnza7f238c61096,2,Euphoria Season 2 Episode 2,1763.0,1772.0,brm50spnzbd40de23309,50,FELA KUTI V.I.P. HOODIE,merchandise,l,sweats,/,primary,/,/,<0.03-0.16-0.7-0.78>,Zendaya,Rue Bennett,/,1767.48,/,N/A,N/A
dwn10lbnza7f238c61096,2,Euphoria Season 2 Episode 2,2166.0,2175.0,brm50spnz258a1e247740,50,Sensi Studio Haute Beach Hat,merchandise,l,accessories,/,primary,/,/,<0.38-0.06-0.65-0.92>,,,/,2170.04,/,N/A,N/A
dwn10lbnza7f238c61096,2,Euphoria Season 2 Episode 2,2506.0,2515.0,brm50spnzaaf79c0c4548,50,AKNA Store “Tie Dye Pants”,merchandise,l,bottoms,/,primary,/,/,<0.19-0.2-0.9-0.86>,Alexa Demie,Maddy Perez,/,2510.48,/,N/A,N/A
dwn10lbnza7f238c61096,2,Euphoria Season 2 Episode 2,2627.0,2636.0,brm50spnzb8e94f7c4620,50,Dolce & Gabbana Men's Maiolica Tile-Print Polo Shirt,merchandise,l,shirt,/,primary,/,/,<0.22-0.09-0.84-0.92>,Angus Cloud,Fezco,/,2631.96,/,N/A,N/A
dwn10lbnza7f238c61096,2,Euphoria Season 2 Episode 2,2629.0,2638.0,brm50spnz0bbc19d58966,50,CALLE DEL MAR Black Ribbed Long Sleeve Cardigan,merchandise,l,sweats,/,primary,/,/,<0.26-0.04-0.81-0.94>,Maude Apatow,Lexi Howard,/,2633.74,/,N/A,N/A
dwn10lbnza7f238c61096,2,Euphoria Season 2 Episode 2,2629.0,2638.0,brm50spnz9f7b6e8c495,50,Rachel Comey Luca Pants,merchandise,l,bottoms,/,primary,/,/,<0.03-0.04-0.81-0.94>,Maude Apatow,Lexi Howard,/,2633.74,/,N/A,N/A
dwn10lbnza7f238c61096,2,Euphoria Season 2 Episode 2,2839.0,2848.0,brm50spnz321053df1878,50,Nodaleto Bulla Cara Heels,merchandise,l,shoes,/,primary,/,/,<0.31-0.03-0.85-0.86>,Maude Apatow,Lexi Howard,/,2843.48,/,N/A,N/A
dwn10lbnza7f238c61096,2,Euphoria Season 2 Episode 2,913.0,922.0,brm1spnz770f271d265,25,VILA long sleeve rib knit maxi dress in heathered blue,merchandise,l,dress,https://www.asos.com/vila/vila-long-sleeve-rib-knit-maxi-dress-in-heathered-blue/prd/207472687#colourWayId-207472688,asos,/,USD 69,<0.35-0.18-0.55-0.7>,Minka Kelly,Samantha,https://images.asos-media.com/products/vila-long-sleeve-rib-knit-maxi-dress-in-heathered-blue/207472687-1-kentuckyblue,917.52,/,global,e-retailer
dwn10lbnza7f238c61096,2,Euphoria Season 2 Episode 2,778.0,787.0,brm1spnzbfa251021980,25,Cute Patchwork Slim Cotton Crop Top Women Sexy Strapless Sleeveless Bow Camis Femme 2023 Summer Sweet Knitted Tank Tops Y2k Chic,merchandise,l,top,https://www.aliexpress.com/item/3256805085422198.html,aliexpress,/,USD 10.58,<0.36-0.02-0.64-0.84>,Alexa Demie,Maddy Perez,https://ae01.alicdn.com/kf/S71b1857a75164a668eecbb1b623d8904Z/Cute-Patchwork-Slim-Cotton-Crop-Top-Women-Sexy-Strapless-Sleeveless-Bow-Camis-Femme-2023-Summer-Sweet.jpg,782.04,/,global,platform
dwn10lbnza7f238c61096,2,Euphoria Season 2 Episode 2,1690.0,1699.0,brm1spnzc8d426261512,25,Sweet Floral Print Two Piece Set Women Hollow-out Sleeveless Crop Top And Shorts Summer Outfits Casual Vintage Cotton Short Sets,merchandise,l,top,https://www.aliexpress.com/item/3256805225483785.html,aliexpress,/,USD 11.36,<0.16-0.04-0.52-0.96>,Maude Apatow,Lexi Howard,https://ae01.alicdn.com/kf/Sd58afa1127cc4338973539eb5bc5d285W/Sweet-Floral-Print-Two-Piece-Set-Women-Hollow-out-Sleeveless-Crop-Top-And-Shorts-Summer-Outfits.jpg,1694.7,/,global,platform
dwn10lbnza7f238c61096,2,Euphoria Season 2 Episode 2,1690.0,1699.0,brm1spnz1a7f6fb53903,25,Feral Old Woman Shirt for Feral Girl Summer Tee Gift for Rambling Woman Tee Shirt Western Gift for Granola Girls and Dirt Bag Women Tee,merchandise,l,top,https://www.etsy.com/listing/1732331960/feral-old-woman-shirt-for-feral-girl,etsy,/,USD 30.0,<0.16-0.04-0.52-0.96>,Maude Apatow,Lexi Howard,https://i.etsystatic.com/52688689/r/il/49848f/6471698197/il_fullxfull.6471698197_ayg5.jpg,1694.7,/,N/A,N/A
dwn10lbnza7f238c61096,2,Euphoria Season 2 Episode 2,1342.0,1351.0,brm1spnza6e313f95769,25,1/5 Pack Workout Shirts for Men Athletic Running Gym Quick Dry Short Sleeve Performance Moisture Wicking T Shirt,merchandise,l,top,https://amazon.com/dp/B0D262RT5Q,amazon,/,USD 19.99,<0.57-0.21-0.76-0.91>,Dominic Fike,Elliot,"https://m.media-amazon.com/images/I/51hKJw0pKkL._AC_SR600,600_.jpg",1346.26,/,global,platform
dwn10lbnza7f238c61096,2,Euphoria Season 2 Episode 2,1342.0,1351.0,brm1spnz79dc09a12438,25,"A Smooth Sea never made a skilled sailor, skillful sailor mens tee shirt, sailor shirt, nautical men's t-shirt, gift for dad, fathers day",merchandise,l,top,https://www.etsy.com/listing/1455906107/a-smooth-sea-never-made-a-skilled-sailor,etsy,/,USD 13.0,<0.57-0.21-0.76-0.91>,Dominic Fike,Elliot,https://i.etsystatic.com/5544147/r/il/f0528d/4843234503/il_fullxfull.4843234503_9je6.jpg,1346.26,/,N/A,N/A
dwn10lbnza7f238c61096,2,Euphoria Season 2 Episode 2,2629.0,2638.0,brm1spnz412a41bb4566,25,ASOS DESIGN borg pullover top with contrast piping in chocolate,merchandise,l,sweats,https://www.asos.com/asos-design/asos-design-borg-pullover-top-with-contrast-piping-in-chocolate/prd/207569501#colourWayId-207569502,asos,/,USD 49.99,<0.26-0.04-0.81-0.94>,Maude Apatow,Lexi Howard,https://images.asos-media.com/products/asos-design-borg-pullover-top-with-contrast-piping-in-chocolate/207569501-1-chocolate,2633.74,/,global,e-retailer
dwn10lbnza7f238c61096,2,Euphoria Season 2 Episode 2,2629.0,2638.0,brm1spnzdf527ce49022,25,Traditional Haori Kimono Women Men Harajuku Japanese Yukata Fashion Streetwear Cardigan Cashew Flowers Print Cosplay Shirt,merchandise,l,sweats,https://www.aliexpress.com/item/3256803921077182.html,aliexpress,/,USD 5.75,<0.26-0.04-0.81-0.94>,Maude Apatow,Lexi Howard,https://ae-pic-a1.aliexpress-media.com/kf/Sda67e834aa1444de9615c1588d5635e6U.jpg,2633.74,/,global,platform
dwn10lbnza7f238c61096,2,Euphoria Season 2 Episode 2,2629.0,2638.0,brm1spnz2741c9653397,25,"SHEIN LUNE 2pcs/Set Women Fluffy Hoodie And Leggings Set, Autumn/Winter",merchandise,l,sweats,https://www.shein.com/SHEIN-LUNE-2pcs-Set-Women-Fluffy-Hoodie-And-Leggings-Set-Autumn-Winter-p-45343536.html,shein,/,USD 44.19,<0.26-0.04-0.81-0.94>,Maude Apatow,Lexi Howard,http://img.ltwebstatic.com/images3_pi/2024/11/07/fd/173097928962a95c161ced3367b0a4d6c7b00b1bf1_thumbnail_405x552.jpg,2633.74,/,global,platform
dwn10lbnza7f238c61096,2,Euphoria Season 2 Episode 2,2629.0,2638.0,brm1spnzde2998c83352,25,ASOS DESIGN Petite longline belted faux fur coat in forest green,merchandise,l,sweats,https://www.asos.com/asos-petite/asos-design-petite-longline-belted-faux-fur-coat-in-forest-green/prd/206769022#colourWayId-206769023,asos,/,USD 139,<0.26-0.04-0.81-0.94>,Maude Apatow,Lexi Howard,https://images.asos-media.com/products/asos-design-petite-longline-belted-faux-fur-coat-in-forest-green/206769022-1-forestgreen,2633.74,/,global,e-retailer
dwn10lbnza7f238c61096,2,Euphoria Season 2 Episode 2,2629.0,2638.0,brm1spnz93548fc99513,25,Noisy May fluffy cropped cardigan in navy,merchandise,l,sweats,https://www.asos.com/noisy-may/noisy-may-fluffy-cropped-cardigan-in-navy/prd/207653260#colourWayId-207653261,asos,/,USD 33,<0.26-0.04-0.81-0.94>,Maude Apatow,Lexi Howard,https://images.asos-media.com/products/noisy-may-fluffy-cropped-cardigan-in-navy/207653260-1-navy,2633.74,/,global,e-retailer
dwn10lbnza7f238c61096,2,Euphoria Season 2 Episode 2,2629.0,2638.0,brm1spnz82ac76a88685,25,PRETTYGARDEN Long Sleeve Cable Knit Long Cardigan for Women 2024 Fall Winter Chunky Open Front Button Sweaters with Pockets,merchandise,l,sweats,https://amazon.com/dp/B09K3PYJWY,amazon,/,USD 35.99,<0.26-0.04-0.81-0.94>,Maude Apatow,Lexi Howard,"https://m.media-amazon.com/images/I/41wrhtNXgIL._AC_SR600,600_.jpg",2633.74,/,global,platform
dwn10lbnza7f238c61096,2,Euphoria Season 2 Episode 2,2629.0,2638.0,brm1spnz7826fc7c5019,25,Weekend Collective quilted nylon cropped half zip pullover jacket in black - part of a set,merchandise,l,sweats,https://www.asos.com/asos-weekend-collective/weekend-collective-quilted-nylon-cropped-half-zip-pullover-jacket-in-black-part-of-a-set/prd/207461733#colourWayId-207461747,asos,/,USD 48,<0.26-0.04-0.81-0.94>,Maude Apatow,Lexi Howard,https://images.asos-media.com/products/weekend-collective-quilted-nylon-cropped-half-zip-pullover-jacket-in-black-part-of-a-set/207461733-1-black,2633.74,/,global,e-retailer
dwn10lbnza7f238c61096,2,Euphoria Season 2 Episode 2,2629.0,2638.0,brm1spnza8fa545b6139,25,Amazon Essentials Women's Lightweight Mockneck Sweater (Available in Plus Size),merchandise,l,sweats,https://amazon.com/dp/B07QC4GG78,amazon,/,USD 20.1,<0.26-0.04-0.81-0.94>,Maude Apatow,Lexi Howard,https://m.media-amazon.com/images/I/71SiAwprDhL._AC_UL320_.jpg,2633.74,/,global,platform
dwn10lbnza7f238c61096,2,Euphoria Season 2 Episode 2,1656.0,1665.0,brm1spnze26529ea5776,25,INAWLY Drawstring Drop Shoulder Thermal Lined Hoodie & Sweatpants,merchandise,l,sweats,https://www.shein.com/INAWLY-Drawstring-Drop-Shoulder-Thermal-Lined-Hoodie-Sweatpants-p-7127897.html,shein,/,USD 31.19,<0.56-0.06-0.91-0.96>,Maude Apatow,Lexi Howard,http://img.ltwebstatic.com/images3_pi/2021/11/10/1636521679cd9b46a0b110aa662f09b063a83c69be_thumbnail_405x552.jpg,1660.35,/,global,platform
dwn10lbnza7f238c61096,2,Euphoria Season 2 Episode 2,1259.0,1268.0,brm1spnz1f2f4fde7015,25,Naggoo Women's Long Cardigans Button Down High Low Solid Knit Loose Cardigans with Pockets,merchandise,l,sweats,https://amazon.com/dp/B08BWY7RCH,amazon,/,USD 25.69,<0.3-0.07-0.59-0.97>,Sydney Sweeney,Cassie Howard,"https://m.media-amazon.com/images/I/41nlhC2XQbL._AC_SR600,600_.jpg",1263.43,/,global,platform
dwn10lbnza7f238c61096,2,Euphoria Season 2 Episode 2,1259.0,1268.0,brm1spnzdad4b3529663,25,Autumn And Winter New European And American Women's Fashion Striped Patchwork Hooded Large Pocket Loose Sweatshirt Sports Long Sleeved Pants Set,merchandise,l,sweats,https://www.shein.com/Autumn-And-Winter-New-European-And-American-Women-s-Fashion-Striped-Patchwork-Hooded-Large-Pocket-Loose-Sweatshirt-Sports-Long-Sleeved-Pants-Set-p-45557254.html,shein,/,USD 23.79,<0.3-0.07-0.59-0.97>,Sydney Sweeney,Cassie Howard,http://img.ltwebstatic.com/images3_pi/2024/10/22/3c/1729597070f967812aec75e37394dbcb367a29c65b_wk_1729645810_thumbnail_405x552.jpg,1263.43,/,global,platform
dwn10lbnza7f238c61096,2,Euphoria Season 2 Episode 2,1259.0,1268.0,brm1spnz46b222a31578,25,"SHEIN Maternity Zip Up Drop Shoulder Drawstring Babywearing Hoodie With Long Sleeve, For Winter",merchandise,l,sweats,https://www.shein.com/SHEIN-Maternity-Zip-Up-Drop-Shoulder-Drawstring-Babywearing-Hoodie-With-Long-Sleeve-For-Winter-p-11101764.html,shein,/,USD 37.09,<0.3-0.07-0.59-0.97>,Sydney Sweeney,Cassie Howard,http://img.ltwebstatic.com/images3_pi/2022/08/16/1660617320dfccf53f6257e13dfe24f8068cb0a319_thumbnail_405x552.jpg,1263.43,/,global,platform
dwn10lbnza7f238c61096,2,Euphoria Season 2 Episode 2,1259.0,1268.0,brm1spnzda885831697,25,"SHEIN EZwear 2pcs/Set Women Casual Solid Color Sweatshirt And Sweatpants, Autumn/Winter",merchandise,l,sweats,https://www.shein.com/SHEIN-EZwear-2pcs-Set-Women-Casual-Solid-Color-Sweatshirt-And-Sweatpants-Autumn-Winter-p-46084057.html,shein,/,USD 29.99,<0.3-0.07-0.59-0.97>,Sydney Sweeney,Cassie Howard,http://img.ltwebstatic.com/images3_pi/2024/10/28/ae/1730093095f561b6895f019835fb34e62d9f6007c4_thumbnail_405x552.jpg,1263.43,/,global,platform
dwn10lbnza7f238c61096,2,Euphoria Season 2 Episode 2,1259.0,1268.0,brm1spnzce8af2ea3292,25,AlvaQ Women's Oversized Sweatshirt Casual Long Sleeve Button Henley Neck Pullover Tunic Tops Outfits,merchandise,l,sweats,https://amazon.com/dp/B0CFLKQS9X,amazon,/,USD 25.49,<0.3-0.07-0.59-0.97>,Sydney Sweeney,Cassie Howard,"https://m.media-amazon.com/images/I/41JTBBCxAxL._AC_SR600,600_.jpg",1263.43,/,global,platform
dwn10lbnza7f238c61096,2,Euphoria Season 2 Episode 2,1259.0,1268.0,brm1spnzc449084e1609,25,INAWLY Women's Solid Color Half-zipper Drop Shoulder Sweatshirt With Zipper,merchandise,l,sweats,https://www.shein.com/INAWLY-Women-s-Solid-Color-Half-zipper-Drop-Shoulder-Sweatshirt-With-Zipper-p-25776957.html,shein,/,USD 17.94,<0.3-0.07-0.59-0.97>,Sydney Sweeney,Cassie Howard,http://img.ltwebstatic.com/images3_pi/2023/11/01/3e/16988031381fa2c3bdf47accc7abf85a9e7f62ef8d_thumbnail_405x552.jpg,1263.43,/,global,platform
dwn10lbnza7f238c61096,2,Euphoria Season 2 Episode 2,2627.0,2636.0,brm1spnz17275c303319,25,ASOS DESIGN washed cotton car coat in stone with contrast collar,merchandise,l,sweats,https://www.asos.com/asos-design/asos-design-washed-cotton-car-coat-in-stone-with-contrast-collar/prd/207519034#colourWayId-207519036,asos,/,USD 89.99,<0.22-0.09-0.84-0.92>,Angus Cloud,Fezco,https://images.asos-media.com/products/asos-design-washed-cotton-car-coat-in-stone-with-contrast-collar/207519034-1-stone,2631.96,/,global,e-retailer
dwn10lbnza7f238c61096,2,Euphoria Season 2 Episode 2,2627.0,2636.0,brm1spnz2d18d9cf324,25,Aape By A Bathing Ape logo button up cardigan in pink,merchandise,l,sweats,https://www.asos.com/aape-by-a-bathing-ape/aape-by-a-bathing-ape-logo-button-up-cardigan-in-pink/prd/207241597#colourWayId-207241598,asos,/,USD 200,<0.22-0.09-0.84-0.92>,Angus Cloud,Fezco,https://images.asos-media.com/products/aape-by-a-bathing-ape-logo-button-up-cardigan-in-pink/207241597-1-pink,2631.96,/,global,e-retailer
dwn10lbnza7f238c61096,2,Euphoria Season 2 Episode 2,2627.0,2636.0,brm1spnz8c1cebff5472,25,ASOS DESIGN relaxed boxy fit cable knitted cardigan with crew neck in stone,merchandise,l,sweats,https://www.asos.com/asos-design/asos-design-relaxed-boxy-fit-cable-knitted-cardigan-with-crew-neck-in-stone/prd/207026889#colourWayId-207026893,asos,/,USD 42,<0.22-0.09-0.84-0.92>,Angus Cloud,Fezco,https://images.asos-media.com/products/asos-design-relaxed-boxy-fit-cable-knitted-cardigan-with-crew-neck-in-stone/207026889-1-stone,2631.96,/,global,e-retailer
dwn10lbnza7f238c61096,2,Euphoria Season 2 Episode 2,2627.0,2636.0,brm1spnz20b95c5e4361,25,Cardigan Men Clothes Offer Men's Clothing Fashion Summer Casul Shirts Short Sleeve Henry Shirt Print Tops Mens 2024,merchandise,l,sweats,https://www.aliexpress.com/item/3256806767051573.html,aliexpress,/,USD 50,<0.22-0.09-0.84-0.92>,Angus Cloud,Fezco,https://ae-pic-a1.aliexpress-media.com/kf/S65aacdf823f8433098ec1034124962d9E.jpg,2631.96,/,global,platform
dwn10lbnza7f238c61096,2,Euphoria Season 2 Episode 2,2627.0,2636.0,brm1spnz53fa7ba82214,25,Topman oversized cardigan in sage & cream abstract pattern,merchandise,l,sweats,https://www.asos.com/topman/topman-oversized-cardigan-in-sage-cream-abstract-pattern/prd/207449619#colourWayId-207449620,asos,/,USD 60,<0.22-0.09-0.84-0.92>,Angus Cloud,Fezco,https://images.asos-media.com/products/topman-oversized-cardigan-in-sage-cream-abstract-pattern/207449619-1-stone,2631.96,/,global,e-retailer
dwn10lbnza7f238c61096,2,Euphoria Season 2 Episode 2,2627.0,2636.0,brm1spnzd62706fa852,25,Autumn Winter New Knitted Sweater Cardigan for Men Korean Fashion Casual Baggy Men's Jacket Coats Y2k Men Clothing,merchandise,l,sweats,https://www.aliexpress.com/item/3256807252829736.html,aliexpress,/,USD 68.4,<0.22-0.09-0.84-0.92>,Angus Cloud,Fezco,https://ae-pic-a1.aliexpress-media.com/kf/S5deb075c7ddb4d38941687884d457a6dR.jpg,2631.96,/,global,platform
dwn10lbnza7f238c61096,2,Euphoria Season 2 Episode 2,2627.0,2636.0,brm1spnz3f2122469576,25,Summer Samurai Kimono Men Cosplay Stylish Floral Haori Streetwear Kimono Japanese Fashion Yukata Cardigan Elegant Robe Hot Sale,merchandise,l,sweats,https://www.aliexpress.com/item/3256807338457652.html,aliexpress,/,USD 100.9,<0.22-0.09-0.84-0.92>,Angus Cloud,Fezco,https://ae-pic-a1.aliexpress-media.com/kf/S9f5aed91154d4b8c99ff15dc8747d7572.jpg,2631.96,/,global,platform
dwn10lbnza7f238c61096,2,Euphoria Season 2 Episode 2,972.0,981.0,brm1spnz969ce7c17530,25,1pair Magnet Colorful Stud Emagrecimento Peso,merchandise,l,earrings,https://www.mercadolivre.com.br/1-par-pendiente-de-perno-prisionero-colorido-iman-adelgazant/p/MLB2003745952,mercado_br,/,BRL 39.58,<0.29-0.21-0.63-0.9>,Barbie Ferreira,Kat Hernandez,https://http2.mlstatic.com/D_NQ_NP_716480-CBT80961314411_112024-F.webp,976.96,/,Brazil,platform
dwn10lbnza7f238c61096,2,Euphoria Season 2 Episode 2,972.0,981.0,brm1spnz94ae33ea930,25,1pair Magnet Colorful Stud Emagrecimento Peso,merchandise,l,earrings,https://www.mercadolivre.com.br/1pair-magnet-colorful-stud-emagrecimento-peso/p/MLB2005585779,mercado_br,/,BRL 43.47,<0.29-0.21-0.63-0.9>,Barbie Ferreira,Kat Hernandez,https://http2.mlstatic.com/D_NQ_NP_887406-CBT80852631217_112024-F.webp,976.96,/,Brazil,platform
dwn10lbnza7f238c61096,2,Euphoria Season 2 Episode 2,1113.0,1122.0,brm1spnz3b27721b4307,25,Small Origami Bird Necklace | Dainty Bird Pendant | Minimalist Jewelry | Women Necklace | Girl Necklace | Silver Color | Gold Color | Gift,merchandise,l,necklace,https://www.etsy.com/listing/730274107/small-origami-bird-necklace-dainty-bird,etsy,/,USD 16.8,<0.49-0.2-0.69-0.89>,Barbie Ferreira,Kat Hernandez,https://i.etsystatic.com/19396562/r/il/8a42b9/2028566515/il_fullxfull.2028566515_20dc.jpg,1117.57,/,N/A,N/A
dwn10lbnza7f238c61096,2,Euphoria Season 2 Episode 2,1113.0,1122.0,brm1spnz48806d801066,25,Guardian Angel Silver Crystal Necklace - 925 Silver Crystal Symbol of Courage and Purity for Women,merchandise,l,necklace,https://amazon.com/dp/B0D8T2NFNY,amazon,/,USD 39.99,<0.49-0.2-0.69-0.89>,Barbie Ferreira,Kat Hernandez,https://m.media-amazon.com/images/I/31Qj+J2XGRL._AC_US600_.jpg,1117.57,/,global,platform
dwn10lbnza7f238c61096,2,Euphoria Season 2 Episode 2,1113.0,1122.0,brm1spnz025874d51219,25,"RareLove To My Boyfriends Mom Necklace,925 Sterling Silver Infinity Cross Necklace for Women,Boyfriends Mom Christmas Gifts,Future Mother in law Gifts",merchandise,l,necklace,https://www.amazon.com/dp/B0B9G23SXZ,amazon,/,USD 21.33,<0.49-0.2-0.69-0.89>,Barbie Ferreira,Kat Hernandez,https://m.media-amazon.com/images/I/41sItY4pKmL._AC_US600_.jpg,1117.57,/,global,platform
dwn10lbnza7f238c61096,2,Euphoria Season 2 Episode 2,1113.0,1122.0,brm1spnzb76de6a76019,25,"Eternal Rose Necklace Gift Box Heart Shaped Necklace Simple And Unique Design, Heart Shaped Necklace For Women To Give To Wives, Girlfriends, Mothers And Girls As Christmas, Birthday, Valentine's Day, Thanksgiving, Graduation Gifts, Women's Necklaces Versatile Christmas Gift",merchandise,l,necklace,https://www.shein.com/Eternal-Rose-Necklace-Gift-Box-Heart-Shaped-Necklace-Simple-And-Unique-Design-Heart-Shaped-Necklace-For-Women-To-Give-To-Wives-Girlfriends-Mothers-And-Girls-As-Christmas-Birthday-Valentine-s-Day-Thanksgiving-Graduation-Gifts-Women-s-Necklaces-Versatile-Christmas-Gift-p-39661662.html,shein,/,USD 21.4,<0.49-0.2-0.69-0.89>,Barbie Ferreira,Kat Hernandez,https://img.ltwebstatic.com/images3_spmp/2024/07/28/56/1722179380ccac585c0a1de84fdc7931badcd29665_square_thumbnail_405x552.jpg,1117.57,/,global,platform
dwn10lbnza7f238c61096,2,Euphoria Season 2 Episode 2,1113.0,1122.0,brm1spnz7a6965f3260,25,"MomentWish Heart Necklace Gift for Women, Sparkling Gift for Her, 1Carat Moissanite Heart Pendent for Girls, 925 Sterling Silver Dance Necklace for Anniversary Mother's Day Valentines Gift",merchandise,l,necklace,https://www.amazon.com/dp/B0C33BTC9M,amazon,/,USD 117.77,<0.49-0.2-0.69-0.89>,Barbie Ferreira,Kat Hernandez,https://m.media-amazon.com/images/I/71GASloI7sL._AC_UL960_FMwebp_QL65_.jpg,1117.57,/,global,platform
dwn10lbnza7f238c61096,2,Euphoria Season 2 Episode 2,1113.0,1122.0,brm1spnz577ca97d2849,25,4x Gem Mudança De Cor Humor Emoção Lembrança Jóias,merchandise,l,necklace,https://www.mercadolivre.com.br/4x-photo-necklace-jewelry-womens-gift/p/MLB2005072051,mercado_br,/,BRL 84.2,<0.49-0.2-0.69-0.89>,Barbie Ferreira,Kat Hernandez,https://http2.mlstatic.com/D_NQ_NP_828072-CBT83116694871_032025-F.webp,1117.57,/,Brazil,platform
dwn10lbnza7f238c61096,2,Euphoria Season 2 Episode 2,1113.0,1122.0,brm1spnzb14f8fa42696,25,MignonandMignon Birthstone Name Necklace for Women Valentines Day Gifts for Mom Personalized Gold Plated Pendants Jewelry for Mother Grandma Gift Birthday Gifts for New Moms -CN-BS-SH,merchandise,l,necklace,https://www.amazon.com/dp/B09SP272H8,amazon,/,USD 21.5,<0.49-0.2-0.69-0.89>,Barbie Ferreira,Kat Hernandez,https://m.media-amazon.com/images/I/41q9SWWsFCL._SS600_.jpg,1117.57,/,global,platform
dwn10lbnza7f238c61096,2,Euphoria Season 2 Episode 2,1113.0,1122.0,brm1spnz1c5ba6d65764,25,"ChainsPro 316L Stainless Steel Chain for Men/Women, Cable Link Necklace, 3/5/7/9/12MM Width, 18-30&quot; (Send Gift Box)",merchandise,l,necklace,https://www.amazon.com/dp/B09DRY9MZB,amazon,/,USD 15.99,<0.49-0.2-0.69-0.89>,Barbie Ferreira,Kat Hernandez,https://m.media-amazon.com/images/I/51JAtfhO5JL._AC_US600_.jpg,1117.57,/,global,platform
dwn10lbnza7f238c61096,2,Euphoria Season 2 Episode 2,1342.0,1351.0,brm1spnzec38c2098879,25,5 Pack Mesh Workout Shirts for Men Dry Fit Gym Shirts Quick Dry Athletic Short Sleeve T-Shirt Moisture Wicking,merchandise,l,top,https://amazon.com/dp/B0CSJ76HVN,amazon,/,USD 19.79,<0.57-0.21-0.76-0.91>,Dominic Fike,Elliot,"https://m.media-amazon.com/images/I/41U-wTCFGgL._AC_SR600,600_.jpg",1346.26,/,global,platform
dwn10lbnza7f238c61096,2,Euphoria Season 2 Episode 2,1342.0,1351.0,brm1spnzd068d4ff6807,25,Grunt Style Worn Flag 2.0 Men's T-Shirt,merchandise,l,top,https://amazon.com/dp/B07V31BV7Y,amazon,/,USD 19.59,<0.57-0.21-0.76-0.91>,Dominic Fike,Elliot,"https://m.media-amazon.com/images/I/41NEdt8BnpL._AC_SR600,600_.jpg",1346.26,/,global,platform
dwn10lbnza7f238c61096,2,Euphoria Season 2 Episode 2,1342.0,1351.0,brm1spnzac45c43a2981,25,Mens Broski tee men t shirt cool men funny t shirt graphic t shirt men tees for men vintage tees mens retro t shirt men shirt gifts for men,merchandise,l,top,https://www.etsy.com/listing/1037286967/mens-broski-tee-men-t-shirt-cool-men,etsy,/,USD 16.79,<0.57-0.21-0.76-0.91>,Dominic Fike,Elliot,https://i.etsystatic.com/15789144/r/il/4cff05/3617628135/il_fullxfull.3617628135_jmwf.jpg,1346.26,/,N/A,N/A
dwn10lbnza7f238c61096,2,Euphoria Season 2 Episode 2,1342.0,1351.0,brm1spnz727abd078022,25,"If Dad Can't Fix It, We're All Screwed Shirt | Funny Men's Tee | Gift for Dad | Humorous Dad Shirt for Men",merchandise,l,top,https://www.etsy.com/listing/682118383/if-dad-cant-fix-it-were-all-screwed,etsy,/,USD 23.86,<0.57-0.21-0.76-0.91>,Dominic Fike,Elliot,https://i.etsystatic.com/5768774/r/il/2ca023/6568955378/il_fullxfull.6568955378_6lh2.jpg,1346.26,/,N/A,N/A
dwn10lbnza7f238c61096,2,Euphoria Season 2 Episode 2,1342.0,1351.0,brm1spnz499616178310,25,Papasaurus Shirt | Funny Men's Tee | Perfect Father's Day Gift | Soft and Comfy Papa Dinosaur T-Shirt for Great Dad & Husband,merchandise,l,top,https://www.etsy.com/listing/1729538319/papasaurus-shirt-funny-mens-tee-perfect,etsy,/,USD 23.86,<0.57-0.21-0.76-0.91>,Dominic Fike,Elliot,https://i.etsystatic.com/5768774/r/il/c0794b/6030636197/il_fullxfull.6030636197_oye7.jpg,1346.26,/,N/A,N/A
dwn10lbnza7f238c61096,2,Euphoria Season 2 Episode 2,1313.0,1322.0,brm1spnz061ed9e34327,25,"Minnie Sunglasses Shirt, Minnie Fashion Tshirt, Cute Disney Tee, Disney Fashion Shirt, For Women Tee, Minnie Mouse Graphic Tee,",merchandise,l,top,https://www.etsy.com/listing/1579395224/minnie-sunglasses-shirt-minnie-fashion,etsy,/,USD 28.0,<0.3-0.14-0.52-0.91>,Hunter Schafer,Jules Vaughn,https://i.etsystatic.com/42455037/r/il/e2e780/5473931019/il_fullxfull.5473931019_8kpg.jpg,1317.43,/,N/A,N/A
dwn10lbnza7f238c61096,2,Euphoria Season 2 Episode 2,1313.0,1322.0,brm1spnzd73d5eef4191,25,"Surviving Purely Out of Spite Comfort Colors Shirt, Strong Woman Tee, Cancer Survivor Gift Tee, Strong Empowered Women Bella Canvas Tee",merchandise,l,top,https://www.etsy.com/listing/1702758388/surviving-purely-out-of-spite-comfort,etsy,/,USD 17.0,<0.3-0.14-0.52-0.91>,Hunter Schafer,Jules Vaughn,https://i.etsystatic.com/46141248/r/il/856c5a/5975867747/il_fullxfull.5975867747_qhql.jpg,1317.43,/,N/A,N/A
dwn10lbnza7f238c61096,2,Euphoria Season 2 Episode 2,1313.0,1322.0,brm1spnz43888e76108,25,"I Won't Be Remembered As A Woman Who Kept Her Mouth Shut Comfort Colors Shirt, Women Rights Equality Bella Canvas Shirt, Strong Women Tee",merchandise,l,top,https://www.etsy.com/listing/1703777213/i-wont-be-remembered-as-a-woman-who-kept,etsy,/,USD 17.0,<0.3-0.14-0.52-0.91>,Hunter Schafer,Jules Vaughn,https://i.etsystatic.com/46141248/r/il/ce4de9/5886181996/il_fullxfull.5886181996_86xv.jpg,1317.43,/,N/A,N/A
dwn10lbnza7f238c61096,2,Euphoria Season 2 Episode 2,1690.0,1699.0,brm1spnzb1a208cf4320,25,"It's OkayTo Boho Floral Shirt, Flowers Shirt, Mental Health Shirt, Mothers Day Shirt, Motivational Tee,Inspirational Tee, Kindness Women Tee",merchandise,l,top,https://www.etsy.com/listing/1877778096/its-okayto-boho-floral-shirt-flowers,etsy,/,USD 12.65,<0.16-0.04-0.52-0.96>,Maude Apatow,Lexi Howard,https://i.etsystatic.com/37906574/r/il/914454/6735158862/il_fullxfull.6735158862_gq72.jpg,1694.7,/,N/A,N/A
dwn10lbnza7f238c61096,2,Euphoria Season 2 Episode 2,1690.0,1699.0,brm1spnz9501685c1465,25,"Christian Mom Shirt, Motherhood is Kingdom Work Shirt, Christian Woman Tee, Religiosu Mama Shirt, Christian Mothers Day Shirt, Bible Verse",merchandise,l,top,https://www.etsy.com/listing/1904935541/christian-mom-shirt-motherhood-is,etsy,/,USD 13.2,<0.16-0.04-0.52-0.96>,Maude Apatow,Lexi Howard,https://i.etsystatic.com/37906574/r/il/30e55e/6800763762/il_fullxfull.6800763762_mgyl.jpg,1694.7,/,N/A,N/A
dwn10lbnza7f238c61096,2,Euphoria Season 2 Episode 2,1690.0,1699.0,brm1spnz3623bca63368,25,Tree of life/Yggdrasil inspired t shirt-Women's tee-Men's tee-Nature graphic shirt-Tree t shirt-Birthday gift-Fantasy t shirt,merchandise,l,top,https://www.etsy.com/listing/1753173049/tree-of-lifeyggdrasil-inspired-t-shirt,etsy,/,USD 14.99,<0.16-0.04-0.52-0.96>,Maude Apatow,Lexi Howard,https://i.etsystatic.com/53013162/r/il/c7e29d/6085783698/il_fullxfull.6085783698_haat.jpg,1694.7,/,N/A,N/A
dwn10lbnza7f238c61096,2,Euphoria Season 2 Episode 2,1690.0,1699.0,brm1spnz7b458a6e6945,25,"Breakfast Club Shirt, Foodie Shirt, Funny Foodie Gift, Foodie tshirt, Mens Tee, Ladies Tshirt, Women's Funny Top, Bacon and Egg Tshirt",merchandise,l,top,https://www.etsy.com/listing/839151713/breakfast-club-shirt-foodie-shirt-funny,etsy,/,USD 49.75,<0.16-0.04-0.52-0.96>,Maude Apatow,Lexi Howard,https://i.etsystatic.com/5923492/r/il/4facae/5991714306/il_fullxfull.5991714306_n4ik.jpg,1694.7,/,N/A,N/A
dwn10lbnza7f238c61096,2,Euphoria Season 2 Episode 2,1690.0,1699.0,brm1spnz376263281351,25,"Grandparents Gift, Grandma Shirt, Funny Grandma Gift, I Don't Spoil My Grandkids, Nana Shirt, Grandkids Gift, Women's Tee",merchandise,l,top,https://www.etsy.com/listing/1599659964/grandparents-gift-grandma-shirt-funny,etsy,/,USD 17.98,<0.16-0.04-0.52-0.96>,Maude Apatow,Lexi Howard,https://i.etsystatic.com/44874283/r/il/eb1a92/5564541391/il_fullxfull.5564541391_l59v.jpg,1694.7,/,N/A,N/A
dwn10lbnza7f238c61096,2,Euphoria Season 2 Episode 2,1690.0,1699.0,brm1spnz125f825d1217,25,"Unique Seashell Graphic Shirt, Starfish Seashell Tshirt, Beach Shirt, Coquette Bow Shirt, Summer Woman Tee, Ocean Lover",merchandise,l,top,https://www.etsy.com/listing/1901054859/unique-seashell-graphic-shirt-starfish,etsy,/,USD 17.98,<0.16-0.04-0.52-0.96>,Maude Apatow,Lexi Howard,https://i.etsystatic.com/46723486/r/il/c4ea2d/6781365010/il_fullxfull.6781365010_fk3t.jpg,1694.7,/,N/A,N/A
dwn10lbnza7f238c61096,2,Euphoria Season 2 Episode 2,1342.0,1351.0,brm1spnz79ba46764247,25,"I Watched a Video Shirt, Meme BBQ Shirt for Dad, Gift for Husband, DIY Guy Shirt, Husband Gift, Funny Mens Tee, Father's Day Shirt, Dad Gift",merchandise,l,top,https://www.etsy.com/listing/4304834369/i-watched-a-video-shirt-meme-bbq-shirt,etsy,/,USD 28.99,<0.57-0.21-0.76-0.91>,Dominic Fike,Elliot,https://i.etsystatic.com/20411613/r/il/59c7bf/6907082833/il_fullxfull.6907082833_8lea.jpg,1346.26,/,N/A,N/A
dwn10lbnza7f238c61096,2,Euphoria Season 2 Episode 2,1313.0,1322.0,brm1spnzeccc241c8415,25,Comfort Colors USA Shirt Floral T-shirt 4th of July Cute Summer Tshirt Women Tee Shirt Patriotic Gift for Her Birthday Gift Memorial Day,merchandise,l,top,https://www.etsy.com/listing/4305918337/comfort-colors-usa-shirt-floral-t-shirt,etsy,/,USD 26.98,<0.3-0.14-0.52-0.91>,Hunter Schafer,Jules Vaughn,https://i.etsystatic.com/51004039/r/il/2fd282/6865404708/il_fullxfull.6865404708_n481.jpg,1317.43,/,N/A,N/A
dwn10lbnza7f238c61096,2,Euphoria Season 2 Episode 2,778.0,787.0,brm1spnzce07e5999963,25,"Believe in Christmas, Santa, Reindeer Long Sleeve Shirt | Bella Canvas Unisex Jersey Long Sleeve Tee | Christmas Gift for Women, Men, Teen",merchandise,l,top,https://www.etsy.com/listing/1115280523/believe-in-christmas-santa-reindeer-long,etsy,/,USD 48.29,<0.36-0.02-0.64-0.84>,Alexa Demie,Maddy Perez,https://i.etsystatic.com/23330234/r/il/737b42/3494736433/il_fullxfull.3494736433_3fmi.jpg,782.04,/,N/A,N/A
dwn10lbnza7f238c61096,2,Euphoria Season 2 Episode 2,534.0,543.0,brm50spnz04e0a586894,50,ROMÉ Side Tie Cover Up Skirt in Light Green,merchandise,l,bottoms,/,primary,/,/,<0.25-0.11-0.72-0.92>,Alexa Demie,Maddy Perez,/,538.13,/,N/A,N/A
dwn10lbnza7f238c61096,2,Euphoria Season 2 Episode 2,534.0,543.0,brm50spnz7a416ef07284,50,ROMÉ Bikini Top in Light Green,merchandise,l,sportswear,/,primary,/,/,<0.25-0.11-0.71-0.93>,Alexa Demie,Maddy Perez,/,538.13,/,N/A,N/A
dwn10lbnza7f238c61096,2,Euphoria Season 2 Episode 2,798.0,807.0,brm50spnza4583bea583,50,Vintage dior Gold Sequin Gown,merchandise,l,dress,/,primary,/,/,<0.15-0.13-0.35-0.96>,Alexa Demie,Maddy Perez,/,802.35,/,N/A,N/A
dwn10lbnza7f238c61096,2,Euphoria Season 2 Episode 2,1343.0,1352.0,brm50spnzc4c8a0686257,50,Telfar Camo Hoodie Black/ off Black,merchandise,l,sweats,/,primary,/,/,<0.56-0.17-0.77-0.97>,Dominic Fike,Elliot,/,1347.3,/,N/A,N/A
dwn10lbnz1feb42d05720,3,Euphoria Season 2 Episode 3,1715.0,1724.0,brm50spnzf5a9e5245523,50,Monnalisa Luslin Poplin Shirt,merchandise,l,shirt,/,primary,/,/,<0.26-0.27-0.39-0.65>,Maude Apatow,Lexi Howard,/,1719.87,/,N/A,N/A
dwn10lbnz1feb42d05720,3,Euphoria Season 2 Episode 3,1795.0,1804.0,brm50spnz6c6aac464562,50,Brandy Melville Argyle Cardigan,merchandise,l,sweats,/,primary,/,/,<0.41-0.5-0.58-0.92>,Maude Apatow,Lexi Howard,/,1799.61,/,N/A,N/A
dwn10lbnz1feb42d05720,3,Euphoria Season 2 Episode 3,1833.0,1842.0,brm50spnz05d09cea9388,50,Danielle Guizio Oversized Varsity Sweater,merchandise,l,sweats,/,primary,/,/,<0.22-0.25-0.36-0.64>,Zendaya Coleman,Rue Bennett,/,1837.91,/,N/A,N/A
dwn10lbnz1feb42d05720,3,Euphoria Season 2 Episode 3,1932.0,1941.0,brm50spnzf5b8c18c6959,50,ASTR the Label Wrap Sweater,merchandise,l,sweats,/,primary,/,/,<0.43-0.21-0.69-0.78>,Sydney Sweeney,Cassie Howard,/,1936.83,/,N/A,N/A
dwn10lbnz1feb42d05720,3,Euphoria Season 2 Episode 3,1715.0,1724.0,brm1spnz07086faf6108,25,"Mamalorian Shirt, Mom Shirt, The Momalorian Shirt, Disney Shirt For Women, Mothers Day Shirts, Graphic Tee,Gift For Mom,Star Wars Womens Tee",merchandise,l,top,https://www.etsy.com/listing/1072143364/mamalorian-shirt-mom-shirt-the,etsy,/,USD 17.99,<0.26-0.27-0.39-0.65>,Maude Apatow,Lexi Howard,https://i.etsystatic.com/21844089/r/il/09ce59/3334330058/il_fullxfull.3334330058_1o50.jpg,1719.87,/,N/A,N/A
dwn10lbnz1feb42d05720,3,Euphoria Season 2 Episode 3,1715.0,1724.0,brm1spnz0318484b3280,25,"Petty Pretty Probably Right Shirt, Sarcastic Shirt, Funny Women's Tee, Gift For Friend, Coquette Checkered Black Bow Shirt, Shirt For Woman",merchandise,l,top,https://www.etsy.com/listing/1881245058/petty-pretty-probably-right-shirt,etsy,/,USD 15.0,<0.26-0.27-0.39-0.65>,Maude Apatow,Lexi Howard,https://i.etsystatic.com/42554241/r/il/3b90de/6753204448/il_fullxfull.6753204448_s8on.jpg,1719.87,/,N/A,N/A
dwn10lbnz1feb42d05720,3,Euphoria Season 2 Episode 3,1715.0,1724.0,brm1spnzb64ae01b5924,25,"Women Must Serve Men Shirt, Funny Women Tee, Smashing Patriarchy T-Shirt, Womens Rights Tee, Feminist Gift, Funny Saying Shirts, Funny Tee",merchandise,l,top,https://www.etsy.com/listing/1877352666/women-must-serve-men-shirt-funny-women,etsy,/,USD 15.0,<0.26-0.27-0.39-0.65>,Maude Apatow,Lexi Howard,https://i.etsystatic.com/42554241/r/il/b3bbe3/6733033928/il_fullxfull.6733033928_8mwq.jpg,1719.87,/,N/A,N/A
dwn10lbnz1feb42d05720,3,Euphoria Season 2 Episode 3,1715.0,1724.0,brm1spnzf7c5d5017857,25,"All Oopsies No Daisies, Floral Shirt, Funny Mental Health Gift, Shirt With Saying, Trendy Gifts For Friends, Anxiety Shirt, Funny Woman Tee",merchandise,l,top,https://www.etsy.com/listing/1887115345/all-oopsies-no-daisies-floral-shirt,etsy,/,USD 16.99,<0.26-0.27-0.39-0.65>,Maude Apatow,Lexi Howard,https://i.etsystatic.com/42554241/r/il/535580/6710969710/il_fullxfull.6710969710_kard.jpg,1719.87,/,N/A,N/A
dwn10lbnz1feb42d05720,3,Euphoria Season 2 Episode 3,1715.0,1724.0,brm1spnz4803f46a3380,25,"Comfort Colors Be You The World Will Adjust Shirt, Positive Gift Idea, Gift for Best Friends, Inspirational Women's Tee, Love Yourself",merchandise,l,top,https://www.etsy.com/listing/1900989489/comfort-colors-be-you-the-world-will,etsy,/,USD 29.1,<0.26-0.27-0.39-0.65>,Maude Apatow,Lexi Howard,https://i.etsystatic.com/52062534/r/il/f52fa3/6782507994/il_fullxfull.6782507994_dtbk.jpg,1719.87,/,N/A,N/A
dwn10lbnz1feb42d05720,3,Euphoria Season 2 Episode 3,1932.0,1941.0,brm1spnz32cf30862959,25,15/20mm Pearl Buttons For Sweater Cardigan Women Clothes Decor Sewing Embellishment Apparel Needlework Diy Craft Supply 6pcs New,merchandise,l,sweats,https://www.aliexpress.com/item/3256803810407003.html,aliexpress,/,USD 21.37,<0.43-0.21-0.69-0.78>,Sydney Sweeney,Cassie Howard,https://ae-pic-a1.aliexpress-media.com/kf/Sba19716f1fe64803a2c8b919d38683fcN.jpg,1936.83,/,global,platform
dwn10lbnz1feb42d05720,3,Euphoria Season 2 Episode 3,1932.0,1941.0,brm1spnzda885831697,25,"SHEIN EZwear 2pcs/Set Women Casual Solid Color Sweatshirt And Sweatpants, Autumn/Winter",merchandise,l,sweats,https://www.shein.com/SHEIN-EZwear-2pcs-Set-Women-Casual-Solid-Color-Sweatshirt-And-Sweatpants-Autumn-Winter-p-46084057.html,shein,/,USD 29.99,<0.43-0.21-0.69-0.78>,Sydney Sweeney,Cassie Howard,http://img.ltwebstatic.com/images3_pi/2024/10/28/ae/1730093095f561b6895f019835fb34e62d9f6007c4_thumbnail_405x552.jpg,1936.83,/,global,platform
dwn10lbnz1feb42d05720,3,Euphoria Season 2 Episode 3,1932.0,1941.0,brm1spnz57ce70a61934,25,Zeagoo Women's 2025 Fall Open Front Cardigan Long Batwing Sleeve Chunky Knit Sweater Loose Outerwear Coats with Pockets,merchandise,l,sweats,https://amazon.com/dp/B0CBLLD4X2,amazon,/,USD 29.99,<0.43-0.21-0.69-0.78>,Sydney Sweeney,Cassie Howard,"https://m.media-amazon.com/images/I/41IWnf4GUEL._AC_SR600,600_.jpg",1936.83,/,global,platform
dwn10lbnz1feb42d05720,3,Euphoria Season 2 Episode 3,1932.0,1941.0,brm1spnzc8e1ed399527,25,INAWLY 2pcs Women's Simple Letter Print Hoodie Top And Pants Casual Set,merchandise,l,sweats,https://www.shein.com/INAWLY-2pcs-Women-s-Simple-Letter-Print-Hoodie-Top-And-Pants-Casual-Set-p-42047289.html,shein,/,USD 29.29,<0.43-0.21-0.69-0.78>,Sydney Sweeney,Cassie Howard,http://img.ltwebstatic.com/images3_pi/2024/09/04/3b/1725427724b491641f165943f84096731593a77c20_thumbnail_405x552.jpg,1936.83,/,global,platform
dwn10lbnz1feb42d05720,3,Euphoria Season 2 Episode 3,1715.0,1724.0,brm1spnz812b7530352,25,"ROMWE Grunge Punk Cross Print Zip Up Drawstring Thermal Lined Hoodie, School,Long Sleeve Tops",merchandise,l,sweats,https://www.shein.com/ROMWE-Grunge-Punk-Cross-Print-Zip-Up-Drawstring-Thermal-Lined-Hoodie-School-Long-Sleeve-Tops-p-24973968.html,shein,/,USD 22.89,<0.26-0.27-0.39-0.65>,Maude Apatow,Lexi Howard,http://img.ltwebstatic.com/images3_pi/2024/11/01/5d/1730457624d64fe42481d3d5200a7ff9717233ba5a_thumbnail_405x552.jpg,1719.87,/,global,platform
dwn10lbnz1feb42d05720,3,Euphoria Season 2 Episode 3,1715.0,1724.0,brm1spnzbf558ab46413,25,Natanael Cano Nata Hoodies Corridos Tumbados Merch Women Men Hooded Pullover Fashion Casual HipHop Sweatshirts Oversized,merchandise,l,sweats,https://www.aliexpress.com/item/3256807724152475.html,aliexpress,/,USD 26.25,<0.26-0.27-0.39-0.65>,Maude Apatow,Lexi Howard,https://ae-pic-a1.aliexpress-media.com/kf/S3427fcbe10484d13bfbb61266e82194bw.jpg,1719.87,/,global,platform
dwn10lbnz1feb42d05720,3,Euphoria Season 2 Episode 3,1715.0,1724.0,brm1spnz496941346321,25,Summer Samurai Kimono Cosplay Streetwear Haori Japanese Fashion Yukata Shirt Traditional Kimono Women Men Robe Cardigan,merchandise,l,sweats,https://www.aliexpress.com/item/3256807178287833.html,aliexpress,/,USD 101.02,<0.26-0.27-0.39-0.65>,Maude Apatow,Lexi Howard,https://ae-pic-a1.aliexpress-media.com/kf/S095106915d974908bc351a3292103709e.jpg,1719.87,/,global,platform
dwn10lbnz1feb42d05720,3,Euphoria Season 2 Episode 3,1833.0,1842.0,brm1spnz7286e3a59600,25,INAWLY Women's Letter Printed Hoodie And Sweatpants Set For Casual Wear,merchandise,l,sweats,https://www.shein.com/INAWLY-Women-s-Letter-Printed-Hoodie-And-Sweatpants-Set-For-Casual-Wear-p-27808642.html,shein,/,USD 29.79,<0.22-0.25-0.36-0.64>,Zendaya,Rue Bennett,http://img.ltwebstatic.com/images3_pi/2023/12/18/86/1702862166243f05652f6bc074bf11bca756bd995e_thumbnail_405x552.jpg,1837.91,/,global,platform
dwn10lbnz1feb42d05720,3,Euphoria Season 2 Episode 3,1833.0,1842.0,brm1spnzdad4b3529663,25,Autumn And Winter New European And American Women's Fashion Striped Patchwork Hooded Large Pocket Loose Sweatshirt Sports Long Sleeved Pants Set,merchandise,l,sweats,https://www.shein.com/Autumn-And-Winter-New-European-And-American-Women-s-Fashion-Striped-Patchwork-Hooded-Large-Pocket-Loose-Sweatshirt-Sports-Long-Sleeved-Pants-Set-p-45557254.html,shein,/,USD 23.79,<0.22-0.25-0.36-0.64>,Zendaya,Rue Bennett,http://img.ltwebstatic.com/images3_pi/2024/10/22/3c/1729597070f967812aec75e37394dbcb367a29c65b_wk_1729645810_thumbnail_405x552.jpg,1837.91,/,global,platform
dwn10lbnz1feb42d05720,3,Euphoria Season 2 Episode 3,1833.0,1842.0,brm1spnzf996a524635,25,"SHEIN MOOSTA Women Round Neck Casual Sweatshirt Set, Autumn",merchandise,l,sweats,https://www.shein.com/SHEIN-MOOSTA-Women-Round-Neck-Casual-Sweatshirt-Set-Autumn-p-45098794.html,shein,/,USD 58.29,<0.22-0.25-0.36-0.64>,Zendaya,Rue Bennett,http://img.ltwebstatic.com/images3_pi/2024/10/16/39/17290714953e8051b8011aebbbd14e79d75b942498_thumbnail_405x552.jpg,1837.91,/,global,platform
dwn10lbnz1feb42d05720,3,Euphoria Season 2 Episode 3,1833.0,1842.0,brm1spnz379b14e33813,25,INAWLY Letter Graphic Kangaroo Pocket Drawstring Thermal Hoodie & Sweatpants,merchandise,l,sweats,https://www.shein.com/INAWLY-Letter-Graphic-Kangaroo-Pocket-Drawstring-Thermal-Hoodie-Sweatpants-p-23139245.html,shein,/,USD 27.19,<0.22-0.25-0.36-0.64>,Zendaya,Rue Bennett,http://img.ltwebstatic.com/images3_pi/2023/09/13/3e/1694592975b59562e1d8b81c910a79e7eb874e5f89_thumbnail_405x552.jpg,1837.91,/,global,platform
dwn10lbnz1feb42d05720,3,Euphoria Season 2 Episode 3,1833.0,1842.0,brm1spnz830eed729038,25,INAWLY 2pcs Women Solid Color Ribbed Hooded Sweatshirt And Pockets Pants Casual Outfit,merchandise,l,sweats,https://www.shein.com/INAWLY-2pcs-Women-Solid-Color-Ribbed-Hooded-Sweatshirt-And-Pockets-Pants-Casual-Outfit-p-42192881.html,shein,/,USD 21.29,<0.22-0.25-0.36-0.64>,Zendaya,Rue Bennett,http://img.ltwebstatic.com/images3_pi/2024/09/06/d3/1725590981c6fa63694959b01e4462a017f4656639_thumbnail_405x552.jpg,1837.91,/,global,platform
dwn10lbnz1feb42d05720,3,Euphoria Season 2 Episode 3,1146.0,1155.0,brm50spnz36b6ff748575,50,Mother The Itty Bitty Sinful Tee,merchandise,l,top,/,primary,/,/,<0.47-0.1-0.57-0.73>,Storm Reid,Gia Bennett,/,1150.65,/,N/A,N/A
dwn10lbnz1feb42d05720,3,Euphoria Season 2 Episode 3,1146.0,1155.0,brm1spnz30dde1ee3525,25,"Size L Hand Dyed Short Sleeve Women's T-shirt, Boho Chic Tie-Dye Tee for Her, Colorful Hand-Dyed Women's Tee, Vintage T-shirt, Unique Shirt",merchandise,l,top,https://www.etsy.com/listing/1640819989/size-l-hand-dyed-short-sleeve-womens-t,etsy,/,USD 32.0,<0.47-0.1-0.57-0.73>,Storm Reid,Gia Bennett,https://i.etsystatic.com/47650726/r/il/e30b63/5659201397/il_fullxfull.5659201397_dbog.jpg,1150.65,/,N/A,N/A
dwn10lbnz1feb42d05720,3,Euphoria Season 2 Episode 3,652.0,2375.0,brm50spnz071a7c2b5308,50,Jean Paul GaultierThe ‘58-5201’ Vintage Sunglasses,merchandise,l,accessories,/,primary,/,/,<0.09-0.79-0.37-0.91>*<0.22-0.11-0.31-0.87>*<0.25-0.07-0.55-0.95>,Alexa Demie,Maddy Perez,/,652.61-1962.04-2374.09,/,N/A,N/A
dwn10lbnz1feb42d05720,3,Euphoria Season 2 Episode 3,933.0,942.0,brm50spnzf7a182116913,50,Online Ceramics HAUNTED WAGON SWEATPANTS,merchandise,l,bottoms,/,primary,/,/,<0.31-0.21-0.85-0.89>,Zendaya,Rue Bennett,/,937.96,/,N/A,N/A
dwn10lbnz1feb42d05720,3,Euphoria Season 2 Episode 3,933.0,942.0,brm50spnz0edd26b04815,50,Hanes ‘EcoSmart Fleece Full-Zip Hooded Sweatershirt’ (Maroon),merchandise,l,shirt,/,primary,/,/,<0.38-0.2-0.61-0.9>,Zendaya,Rue Bennett,/,937.96,/,N/A,N/A
dwn10lbnz1feb42d05720,3,Euphoria Season 2 Episode 3,1329.0,1338.0,brm50spnzdcf237327708,50,Celine Fox T-Shirt,merchandise,l,top,/,primary,/,/,<0.38-0.02-0.86-0.94>,Maude Apatow,Lexi Howard,/,1333.57,/,N/A,N/A
dwn10lbnz1feb42d05720,3,Euphoria Season 2 Episode 3,1329.0,1338.0,brm50spnzc7ac8f633227,50,By Far Mini Nutella Croco Embossed Leather Bag,merchandise,l,bag,/,primary,/,/,<0.38-0.02-0.86-0.94>,Maude Apatow,Lexi Howard,/,1333.57,/,N/A,N/A
dwn10lbnz1feb42d05720,3,Euphoria Season 2 Episode 3,1696.0,1705.0,brm50spnz212e67111497,50,Online Ceramics Multicolor Tie-Dye 'Change Is Good' T-Shirt,merchandise,l,top,/,primary,/,/,<0.24-0.23-0.4-0.87>,Zendaya,Rue Bennett,/,1700.48,/,N/A,N/A
dwn10lbnz1feb42d05720,3,Euphoria Season 2 Episode 3,1797.0,1806.0,brm50spnz8529584b4197,50,Christopher Kane silk bow motif dress (Look 24) from the 2013 Spring RTW collection.,merchandise,l,dress,/,primary,/,/,<0.3-0.06-0.82-0.93>,Sydney Sweeney,Cassie Howard,/,1801.52,/,N/A,N/A
dwn10lbnz1feb42d05720,3,Euphoria Season 2 Episode 3,1800.0,1809.0,brm50spnz1350dfa5897,50,Marc Jacobs The Prom Dress,merchandise,l,dress,/,primary,/,/,<0.12-0.02-0.66-0.98>,Sydney Sweeney,Cassie Howard,/,1804.09,/,N/A,N/A
dwn10lbnz1feb42d05720,3,Euphoria Season 2 Episode 3,2175.0,2184.0,brm50spnz759807733963,50,‘Home Grown Hustlers Paradise’ vintage T-shirt,merchandise,l,top,/,primary,/,/,<0.4-0.02-0.64-0.72>,Zendaya,Rue Bennett,/,2179.74,/,N/A,N/A
dwn10lbnz1feb42d05720,3,Euphoria Season 2 Episode 3,2288.0,2297.0,brm50spnz4cf227a05584,50,Whistles Dahlia lace up leather boots in stone,merchandise,l,shoes,/,primary,/,/,<0.63-0.1-0.86-0.95>,Sydney Sweeney,Cassie Howard,/,2292.09,/,N/A,N/A
dwn10lbnz1feb42d05720,3,Euphoria Season 2 Episode 3,2296.0,2305.0,brm50spnz3e1745418226,50,Coperni Baguette Swipe Bag,merchandise,l,bag,/,primary,/,/,<0.31-0.17-0.96-0.8>,Alexa Demie,Maddy Perez,/,2300.96,/,N/A,N/A
dwn10lbnz1feb42d05720,3,Euphoria Season 2 Episode 3,2399.0,2408.0,brm50spnz23841cbc9880,50,Miaou Demi One Piece in Hot Take,merchandise,l,sportswear,/,primary,/,/,<0.03-0.04-0.89-0.81>,Alexa Demie,Maddy Perez,/,2403.17,/,N/A,N/A
dwn10lbnz1feb42d05720,3,Euphoria Season 2 Episode 3,3513.0,3522.0,brm50spnz41256fb03103,50,Wild Fable Extended Buckle Shoulder Handbag,merchandise,l,bag,/,primary,/,/,<0.3-0.04-0.48-0.39>,Sydney Sweeney,Cassie Howard,/,3517.96,/,N/A,N/A
dwn10lbnz1feb42d05720,3,Euphoria Season 2 Episode 3,1696.0,1705.0,brm1spnza0e10e133110,25,Coco Chanel Quote T-Shirt | The World Is My Runway | Vintage Fashion Top | Confident Woman Tee | Timeless Attitude | Unique Gift for Her,merchandise,l,top,https://www.etsy.com/listing/1811001079/coco-chanel-quote-t-shirt-the-world-is,etsy,/,USD 24.39,<0.24-0.23-0.4-0.87>,Zendaya,Rue Bennett,https://i.etsystatic.com/39973998/r/il/d87e5d/6403806281/il_fullxfull.6403806281_elhh.jpg,1700.48,/,N/A,N/A
dwn10lbnz1feb42d05720,3,Euphoria Season 2 Episode 3,2175.0,2184.0,brm1spnz18cd9e2f7328,25,"Boys Ugh T-Shirt, Funny Valentine’s Day Shirt, Retro Valentines Girls Shirt, Valentine's Day Gift, Boys ugh Valentine Women Tee, Valentines",merchandise,l,top,https://www.etsy.com/listing/1831930370/boys-ugh-t-shirt-funny-valentines-day,etsy,/,USD 14.3,<0.4-0.02-0.64-0.72>,Zendaya,Rue Bennett,https://i.etsystatic.com/50134065/r/il/e3a185/6563127723/il_fullxfull.6563127723_etyi.jpg,2179.74,/,N/A,N/A
dwn10lbnz1feb42d05720,3,Euphoria Season 2 Episode 3,1329.0,1338.0,brm1spnzb1a208cf4320,25,"It's OkayTo Boho Floral Shirt, Flowers Shirt, Mental Health Shirt, Mothers Day Shirt, Motivational Tee,Inspirational Tee, Kindness Women Tee",merchandise,l,top,https://www.etsy.com/listing/1877778096/its-okayto-boho-floral-shirt-flowers,etsy,/,USD 12.65,<0.38-0.02-0.86-0.94>,Maude Apatow,Lexi Howard,https://i.etsystatic.com/37906574/r/il/914454/6735158862/il_fullxfull.6735158862_gq72.jpg,1333.57,/,N/A,N/A
dwn10lbnz1feb42d05720,3,Euphoria Season 2 Episode 3,1329.0,1338.0,brm1spnz9501685c1465,25,"Christian Mom Shirt, Motherhood is Kingdom Work Shirt, Christian Woman Tee, Religiosu Mama Shirt, Christian Mothers Day Shirt, Bible Verse",merchandise,l,top,https://www.etsy.com/listing/1904935541/christian-mom-shirt-motherhood-is,etsy,/,USD 13.2,<0.38-0.02-0.86-0.94>,Maude Apatow,Lexi Howard,https://i.etsystatic.com/37906574/r/il/30e55e/6800763762/il_fullxfull.6800763762_mgyl.jpg,1333.57,/,N/A,N/A
dwn10lbnz1feb42d05720,3,Euphoria Season 2 Episode 3,1329.0,1338.0,brm1spnz50c7ec204163,25,"I Support Women's Rights And Wrongs Shirt, Funny Shirt for Women, Funny Humor Women Tee, Women Empowerment Shirt, Funny Feminist Tee",merchandise,l,top,https://www.etsy.com/listing/1755795359/i-support-womens-rights-and-wrongs-shirt,etsy,/,USD 17.0,<0.38-0.02-0.86-0.94>,Maude Apatow,Lexi Howard,https://i.etsystatic.com/46141248/r/il/b9bf0a/6097601622/il_fullxfull.6097601622_h5fj.jpg,1333.57,/,N/A,N/A
dwn10lbnz1feb42d05720,3,Euphoria Season 2 Episode 3,1329.0,1338.0,brm1spnzaf5e48a26771,25,"Sorry For Having Great Tits and Correct Opinions Shirt, Funny Feminism T Shirt, Meme T Shirt, Feminist Shirt, Woman Shirt,Powerful Woman Tee",merchandise,l,top,https://www.etsy.com/listing/1771978378/sorry-for-having-great-tits-and-correct,etsy,/,USD 13.1,<0.38-0.02-0.86-0.94>,Maude Apatow,Lexi Howard,https://i.etsystatic.com/35905395/r/il/aa3ffe/6281788027/il_fullxfull.6281788027_grz3.jpg,1333.57,/,N/A,N/A
dwn10lbnz1feb42d05720,3,Euphoria Season 2 Episode 3,1696.0,1705.0,brm1spnzcb6aaa667014,25,"Social Worker Shirt, School Social Worker Gift For Social Worker Social Work, Wildflower, Cute, Boho Floral Tshirt, Comfort Colors Women Tee",merchandise,l,top,https://www.etsy.com/listing/1747628081/social-worker-shirt-school-social-worker,etsy,/,USD 23.2,<0.24-0.23-0.4-0.87>,Zendaya,Rue Bennett,https://i.etsystatic.com/17874665/r/il/bbfe6e/6108620457/il_fullxfull.6108620457_kmc0.jpg,1700.48,/,N/A,N/A
dwn10lbnz1feb42d05720,3,Euphoria Season 2 Episode 3,1696.0,1705.0,brm1spnz1b86ed188152,25,"Western Cowgirl, Turquoise Sun Talisman, Distressed Graphic Tee, Boho Starburst Feather Design, Western Tee, Celestial Western, Women's Tee",merchandise,l,top,https://www.etsy.com/listing/4298828812/western-cowgirl-turquoise-sun-talisman,etsy,/,USD 51.15,<0.24-0.23-0.4-0.87>,Zendaya,Rue Bennett,https://i.etsystatic.com/8875534/r/il/82f109/6829051578/il_fullxfull.6829051578_54v6.jpg,1700.48,/,N/A,N/A
dwn10lbnz1feb42d05720,3,Euphoria Season 2 Episode 3,2175.0,2184.0,brm1spnzf988cb2e703,25,"Comfort Colors® Mama Pink Cow Shirt, Western Mom T-Shirt, Retro Mama T-Shirt, Mama Varsity Shirt, Gift for Mothers Day, Women's Tee Shirts",merchandise,l,top,https://www.etsy.com/listing/1887286082/comfort-colors-mama-pink-cow-shirt,etsy,/,USD 22.0,<0.4-0.02-0.64-0.72>,Zendaya,Rue Bennett,https://i.etsystatic.com/56561217/r/il/b853fb/6831398107/il_fullxfull.6831398107_jr77.jpg,2179.74,/,N/A,N/A
dwn10lbnz1feb42d05720,3,Euphoria Season 2 Episode 3,1329.0,1338.0,brm1spnz7fc8bdbb4149,25,"Positive Shirt, Positive Heart Crew Shirt, Motivational Shirts, Minimalist Self Love Shirt, Positive Quotes, Strong Woman Tee, Gift For Her",merchandise,l,top,https://www.etsy.com/listing/1890500453/positive-shirt-positive-heart-crew-shirt,etsy,/,USD 12.65,<0.38-0.02-0.86-0.94>,Maude Apatow,Lexi Howard,https://i.etsystatic.com/37906574/r/il/cae88a/6727589896/il_fullxfull.6727589896_o8ol.jpg,1333.57,/,N/A,N/A
dwn10lbnz1feb42d05720,3,Euphoria Season 2 Episode 3,1329.0,1338.0,brm1spnz3623bca63368,25,Tree of life/Yggdrasil inspired t shirt-Women's tee-Men's tee-Nature graphic shirt-Tree t shirt-Birthday gift-Fantasy t shirt,merchandise,l,top,https://www.etsy.com/listing/1753173049/tree-of-lifeyggdrasil-inspired-t-shirt,etsy,/,USD 14.99,<0.38-0.02-0.86-0.94>,Maude Apatow,Lexi Howard,https://i.etsystatic.com/53013162/r/il/c7e29d/6085783698/il_fullxfull.6085783698_haat.jpg,1333.57,/,N/A,N/A
dwn10lbnz1feb42d05720,3,Euphoria Season 2 Episode 3,1696.0,1705.0,brm1spnzad8476f51179,25,IVF Shirt IVF Gifts Infertility Gifts Soon To Be Mom Pro Choice Shirt Fertility Gift Lucky Transfer Day Shirt Womens Tee IVF Pineapple Shirt,merchandise,l,top,https://www.etsy.com/listing/4297772235/ivf-shirt-ivf-gifts-infertility-gifts,etsy,/,USD 19.99,<0.24-0.23-0.4-0.87>,Zendaya,Rue Bennett,https://i.etsystatic.com/43558853/r/il/cbf9db/6272428341/il_fullxfull.6272428341_ruy5.jpg,1700.48,/,N/A,N/A
dwn10lbnz1feb42d05720,3,Euphoria Season 2 Episode 3,2020.0,2029.0,brm50spnz40f46f5d3033,50,By Far Mini Lilac Circular Croco Embossed Leather Bag,merchandise,l,bag,/,primary,/,/,<0.01-0.16-0.99-0.87>,Alexa Demie,Maddy Perez,/,2024.91,/,N/A,N/A
dwn10lbnz1feb42d05720,3,Euphoria Season 2 Episode 3,2029.0,2038.0,brm50spnz109ff10b2237,50,ByFar Purple Lilac Leather Liliana Mules,merchandise,l,shoes,/,primary,/,/,<0.09-0.12-0.53-0.64>,Alexa Demie,Maddy Perez,/,2033.3,/,N/A,N/A
dwn10lbnz3fcf7b3b8931,4,Euphoria Season 2 Episode 4,644.0,653.0,brm50spnz8a765f90270,50,adidas Originals solid black crew socks,merchandise,l,accessories,/,primary,/,/,<0.58-0.28-0.72-0.82>,Sophia Rose Wilson,BB,/,648.43,/,N/A,N/A
dwn10lbnz3fcf7b3b8931,4,Euphoria Season 2 Episode 4,644.0,653.0,brm50spnz3d576f433597,50,Adidas Off-The-Shoulder Dress - Black,merchandise,l,dress,/,primary,/,/,<0.58-0.21-0.75-0.82>,Sophia Rose Wilson,BB,/,648.43,/,N/A,N/A
dwn10lbnz3fcf7b3b8931,4,Euphoria Season 2 Episode 4,680.0,689.0,brm50spnzd91eff666752,50,Blumarine SS18 Slip Dress and Robe,merchandise,l,dress,/,primary,/,/,<0.31-0.15-0.46-0.89>,Alexa Demie,Maddy Perez,/,684.43,/,N/A,N/A
dwn10lbnz3fcf7b3b8931,4,Euphoria Season 2 Episode 4,1750.0,1759.0,brm50spnz9fcb3225119,50,Balenciaga Women's Dummy Earrings in Fluo Yellow/Silver,merchandise,l,earrings,/,primary,/,/,<0.43-0.17-0.53-0.63>,Barbie Ferreira,Kat Hernandez,/,1754.26,/,N/A,N/A
dwn10lbnz3fcf7b3b8931,4,Euphoria Season 2 Episode 4,645.0,653.0,brm50spnze61922331876,50,Marc Jacobs Devon Slip Dress,merchandise,l,dress,/,primary,/,/,<0.35-0.22-0.52-0.8>,Alexa Demie,Maddy Perez,/,649.0,/,N/A,N/A
dwn10lbnz3fcf7b3b8931,4,Euphoria Season 2 Episode 4,1117.0,1126.0,brm50spnz6d232cf27009,50,By Lefty Winter Mood Necklace,merchandise,l,necklace,/,primary,/,/,<0.4-0.17-0.83-0.93>,Dominic Fike,Elliot,/,1121.48,/,N/A,N/A
dwn10lbnz3fcf7b3b8931,4,Euphoria Season 2 Episode 4,2534.0,2543.0,brm50spnzbdf8c2549218,50,Olivia Rubin Nora Dress,merchandise,l,dress,/,primary,/,/,<0.42-0.05-0.8-0.92>,Maude Apatow,Lexi Howard,/,2538.65,/,N/A,N/A
dwn10lbnz3fcf7b3b8931,4,Euphoria Season 2 Episode 4,1117.0,1126.0,brm1spnz49d00f215586,25,"Sun necklace for men, groomsmen gift, men's necklace gold sun pendant, stainless chain necklace, gift for him, Yoga necklace, waterproof",merchandise,l,necklace,https://www.etsy.com/listing/1007350901/sun-necklace-for-men-groomsmen-gift-mens,etsy,/,USD 23.0,<0.4-0.17-0.83-0.93>,Dominic Fike,Elliot,https://i.etsystatic.com/7169049/r/il/099a74/3110259145/il_fullxfull.3110259145_kkg1.jpg,1121.48,/,N/A,N/A
dwn10lbnz3fcf7b3b8931,4,Euphoria Season 2 Episode 4,1117.0,1126.0,brm1spnz163e1d33317,25,"Yooblue Cross Necklace for Men, Gold Black Silver Mens Cross Necklaces Stainless Steel Cross Pendant Necklace Simple Jewelry Gifts Cross Chain Necklace for Men",merchandise,l,necklace,https://www.amazon.com/dp/B0B6SFH7FF,amazon,/,USD 11.99,<0.4-0.17-0.83-0.93>,Dominic Fike,Elliot,https://m.media-amazon.com/images/I/31EVq9BEQ8L._AC_US600_.jpg,1121.48,/,global,platform
dwn10lbnz3fcf7b3b8931,4,Euphoria Season 2 Episode 4,1117.0,1126.0,brm1spnz76c95d017245,25,"1pc Fashion Elegant Stylish Simple 925 Sterling Silver Necklace With Sparkling Cubic Zirconia 925 Sterling Silver Cross Pendant, Classic Men's Necklace, Daily/Party/Holiday/Valentine's Day/Easter/Christmas Gift For Friends",merchandise,l,necklace,https://www.shein.com/1pc-Fashion-Elegant-Stylish-Simple-925-Sterling-Silver-Necklace-With-Sparkling-Cubic-Zirconia-925-Sterling-Silver-Cross-Pendant-Classic-Men-s-Necklace-Daily-Party-Holiday-Valentine-s-Day-Easter-Christmas-Gift-For-Friends-p-46041220.html,shein,/,USD 40.5,<0.4-0.17-0.83-0.93>,Dominic Fike,Elliot,https://img.ltwebstatic.com/images3_spmp/2024/10/25/0c/17298389005fc62dfbf5945062818e7280554d04d7_thumbnail_405x552.jpg,1121.48,/,global,platform
dwn10lbnz3fcf7b3b8931,4,Euphoria Season 2 Episode 4,1117.0,1126.0,brm1spnz8d4b6e3e4552,25,Sterling Silver Snake Scale Infinity Necklace Geometric Necklace Mens Necklace Solid Silver,merchandise,l,necklace,https://www.etsy.com/listing/1891494374/sterling-silver-snake-scale-infinity,etsy,/,USD 75.0,<0.4-0.17-0.83-0.93>,Dominic Fike,Elliot,https://i.etsystatic.com/20916028/r/il/850532/6804503970/il_fullxfull.6804503970_7lxb.jpg,1121.48,/,N/A,N/A
dwn10lbnz3fcf7b3b8931,4,Euphoria Season 2 Episode 4,1117.0,1126.0,brm1spnzacc003a5773,25,"UPROMI Couple Necklace for Boyfriend/Girlfriend/Husband/Man/Soulmate, Anniversary Valentine's Day Gifts for Him Her",merchandise,l,necklace,https://www.amazon.com/dp/B09QJ297HH,amazon,/,USD 15.99,<0.4-0.17-0.83-0.93>,Dominic Fike,Elliot,https://m.media-amazon.com/images/I/518PDVv4LRL._AC_US600_.jpg,1121.48,/,global,platform
dwn10lbnz3fcf7b3b8931,4,Euphoria Season 2 Episode 4,1117.0,1126.0,brm1spnz96d2f6233940,25,"U7 Men Soccer/Football/Baseball Chain Stainless Steel 18K Gold Plated Cool Sport Pendant Running Shoe Necklaces, Baseball Cross Necklaces with 22+2&quot; Chain Gift for Husband or Son…",merchandise,l,necklace,https://www.amazon.com/dp/B01LETPL9U,amazon,/,USD 14.69,<0.4-0.17-0.83-0.93>,Dominic Fike,Elliot,https://m.media-amazon.com/images/I/31kff6+YXkL._AC_US600_.jpg,1121.48,/,global,platform
dwn10lbnz3fcf7b3b8931,4,Euphoria Season 2 Episode 4,1117.0,1126.0,brm1spnz97ba857f4710,25,"Galis Galis Mens Necklace - Premium Stainless Steel Necklace for Men, Non Tarnish Triangle Necklace with Black Enamel Pendant, Our Necklace Chains with Pendants Are Stylish Valentines Day Gifts for Him 24&quot;",merchandise,l,necklace,https://www.amazon.com/dp/B07QP9GPNF,amazon,/,USD 17.58,<0.4-0.17-0.83-0.93>,Dominic Fike,Elliot,https://m.media-amazon.com/images/I/419fbH5r+yL._SS600_.jpg,1121.48,/,global,platform
dwn10lbnz3fcf7b3b8931,4,Euphoria Season 2 Episode 4,1117.0,1126.0,brm1spnzce78fbf73615,25,AIAINAGI Wrench Cross Necklace for Men Stainless Steel Chain 24inch Wrench Tool Charm Pendant Personality Bible Verse Philippians 4:13 I CAN DO ALL THINGS Jewelry Inspirational Gift for Dad Son,merchandise,l,necklace,https://www.amazon.com/dp/B09MK34X75,amazon,/,USD 11.99,<0.4-0.17-0.83-0.93>,Dominic Fike,Elliot,https://m.media-amazon.com/images/I/51aHObBHWhL._AC_US600_.jpg,1121.48,/,global,platform
dwn10lbnz3fcf7b3b8931,4,Euphoria Season 2 Episode 4,1117.0,1126.0,brm1spnz5d1c7b2e7624,25,JEWPARK JEWPARK 8 PCS Gold Plated Chain Dollar Necklace for Men with Dollar Sign Pendant Necklace Hip Hop Dollar Necklace,merchandise,l,necklace,https://www.amazon.com/dp/B0B5WSVPSG,amazon,/,USD 19.99,<0.4-0.17-0.83-0.93>,Dominic Fike,Elliot,https://m.media-amazon.com/images/I/51QSb-R0ksL._AC_US600_.jpg,1121.48,/,global,platform
dwn10lbnz74d8c1405612,5,Euphoria Season 2 Episode 5,58.0,67.0,brm50spnz087d7cc93900,50,Andrew 2wo2imes Tee in Charcoal,merchandise,l,top,/,primary,/,/,<0.4-0.27-0.59-0.63>,Zendaya Coleman,Rue Bennett,/,62.74,/,N/A,N/A
dwn10lbnz74d8c1405612,5,Euphoria Season 2 Episode 5,58.0,67.0,brm1spnzc23225921842,25,Bat Woman Tshirt | Vampire Tshirt | Gothic Tshirt | Gothic Gift | Vampire Gift | Fine Art Tee | Vampire Tee | Bat Woman Tee | Bat Woman Gift,merchandise,l,top,https://www.etsy.com/listing/1461565439/bat-woman-tshirt-vampire-tshirt-gothic,etsy,/,USD 33.92,<0.4-0.27-0.59-0.63>,Zendaya,Rue Bennett,https://i.etsystatic.com/32340985/r/il/f01be9/4818818406/il_fullxfull.4818818406_6cv1.jpg,62.74,/,N/A,N/A
dwn10lbnz74d8c1405612,5,Euphoria Season 2 Episode 5,58.0,67.0,brm1spnz0f6c1f856364,25,Free People lace trim leopard print cropped blouse in brown,merchandise,l,shirt,https://www.asos.com/free-people/free-people-lace-trim-leopard-print-cropped-blouse-in-brown/prd/207080304#colourWayId-207080305,asos,/,USD 76,<0.4-0.27-0.59-0.63>,Zendaya,Rue Bennett,https://images.asos-media.com/products/free-people-lace-trim-leopard-print-cropped-blouse-in-brown/207080304-1-leopardcombo,62.74,/,global,e-retailer
dwn10lbnz74d8c1405612,5,Euphoria Season 2 Episode 5,1326.0,1335.0,brm50spnz61d798683072,50,JUICY COUTURE CLASSIC HOODIE,merchandise,l,sweats,/,primary,/,/,<0.37-0.28-0.5-0.9>,Alanna Ubach,Suze Howard,/,1330.96,/,N/A,N/A
dwn10lbnz74d8c1405612,5,Euphoria Season 2 Episode 5,1326.0,1335.0,brm1spnz53cacc223754,25,INAWLY 2pcs Women's Casual Letter Print Sweatshirt And Sweatpants Set,merchandise,l,sweats,https://www.shein.com/INAWLY-2pcs-Women-s-Casual-Letter-Print-Sweatshirt-And-Sweatpants-Set-p-41552923.html,shein,/,USD 27.09,<0.37-0.28-0.5-0.9>,Alanna Ubach,Suze Howard,http://img.ltwebstatic.com/images3_pi/2024/08/27/df/1724724649c77d1e92e12b018fccf3aef5e03c1d67_thumbnail_405x552.jpg,1330.96,/,global,platform
dwn10lbnz74d8c1405612,5,Euphoria Season 2 Episode 5,491.0,500.0,brm50spnz03feb0388333,50,Stussy Poly Cotton Work Pant,merchandise,l,bottoms,/,primary,/,/,<0.49-0.23-0.65-0.28>,Storm Reid,Gia Bennett,/,495.96,/,N/A,N/A
dwn10lbnz74d8c1405612,5,Euphoria Season 2 Episode 5,2532.0,2541.0,brm50spnz105a94221684,50,Converse Chuck 70 Sneakers,merchandise,l,shoes,/,primary,/,/,<0.47-0.21-0.8-0.91>,Zendaya,Rue Bennett,/,2536.65,/,N/A,N/A
dwn10lbnz74d8c1405612,5,Euphoria Season 2 Episode 5,58.0,67.0,brm1spnzc53ea7fa1834,25,"4th of July Comfort Colors Shirt, USA Floral Flowers Shirt, Independence day Women Tee, Floral USA Shirt, America Shirt, Hippie USA Shirt",merchandise,l,top,https://www.etsy.com/listing/1741590673/4th-of-july-comfort-colors-shirt-usa,etsy,/,USD 15.99,<0.4-0.27-0.59-0.63>,Zendaya,Rue Bennett,https://i.etsystatic.com/52796694/r/il/c6a01a/6084851861/il_fullxfull.6084851861_4la7.jpg,62.74,/,N/A,N/A
dwn10lbnz6364191f6945,6,Euphoria Season 2 Episode 6,800.0,809.0,brm50spnz8bf0646e8695,50,Dior Saddle Bag in Black,merchandise,l,bag,/,primary,/,/,<0.37-0.09-0.58-0.83>,Alexa Demie,Maddy Perez,/,804.87,/,N/A,N/A
dwn10lbnz6364191f6945,6,Euphoria Season 2 Episode 6,925.0,934.0,brm50spnz67014a228294,50,O Mighty ONE LOVE LONG DRESS,merchandise,l,dress,/,primary,/,/,<0.5-0.13-0.72-0.85>,Barbie Ferreira,Kat Hernandez,/,929.87,/,N/A,N/A
dwn10lbnz6364191f6945,6,Euphoria Season 2 Episode 6,1268.0,1277.0,brm50spnzede134e95871,50,Mario Badescu Rose Body Soap,merchandise,l,small electronics,/,primary,/,/,<0.47-0.57-0.57-0.79>,Sydney Sweeney,Cassie Howard,/,1272.91,/,N/A,N/A
dwn10lbnz6364191f6945,6,Euphoria Season 2 Episode 6,1982.0,1991.0,brm50spnzb24ba7c97275,50,Norman Norell Sequinned Purple Mermaid Gown,merchandise,l,dress,/,primary,/,/,<0.25-0.02-0.54-0.91>,Alexa Demie,Maddy Perez,/,1986.48,/,N/A,N/A
dwn10lbnz6364191f6945,6,Euphoria Season 2 Episode 6,2164.0,2173.0,brm50spnz43cb7c7c8301,50,Falize Rome ‘Denim Bikini Top’,merchandise,l,sportswear,/,primary,/,/,<0.29-0.23-0.88-0.89>,Alexa Demie,Maddy Perez,/,2168.04,/,N/A,N/A
dwn10lbnz6364191f6945,6,Euphoria Season 2 Episode 6,2567.0,2576.0,brm50spnzd44553925546,50,Pretties The OG Baby Tee,merchandise,l,top,/,primary,/,/,<0.07-0.1-0.75-0.95>,Alexa Demie,Maddy Perez,/,2571.22,/,N/A,N/A
dwn10lbnz6364191f6945,6,Euphoria Season 2 Episode 6,1982.0,1991.0,brm1spnz770f271d265,25,VILA long sleeve rib knit maxi dress in heathered blue,merchandise,l,dress,https://www.asos.com/vila/vila-long-sleeve-rib-knit-maxi-dress-in-heathered-blue/prd/207472687#colourWayId-207472688,asos,/,USD 69,<0.25-0.02-0.54-0.91>,Alexa Demie,Maddy Perez,https://images.asos-media.com/products/vila-long-sleeve-rib-knit-maxi-dress-in-heathered-blue/207472687-1-kentuckyblue,1986.48,/,global,e-retailer
dwn10lbnza909320b7421,7,Euphoria Season 2 Episode 7,336.0,345.0,brm50spnz442ea1067631,50,By Far Ginny Mary Janes,merchandise,l,shoes,/,primary,/,/,<0.31-0.38-0.68-0.83>,Maude Apatow,Lexi Howard,/,340.26,/,N/A,N/A
dwn10lbnza909320b7421,7,Euphoria Season 2 Episode 7,484.0,493.0,brm50spnze2bc8d991355,50,Miu Miu Heart-Print Dress,merchandise,l,dress,/,primary,/,/,<0.45-0.15-0.55-0.57>,Maude Apatow,Lexi Howard,/,488.35,/,N/A,N/A
dwn10lbnza909320b7421,7,Euphoria Season 2 Episode 7,493.0,502.0,brm50spnz6de0852f1724,50,Minga London Heart Print Denim Mini Skirt,merchandise,l,bottoms,/,primary,/,/,<0.42-0.2-0.6-0.82>,,Halle,/,497.7,/,N/A,N/A
dwn10lbnza909320b7421,7,Euphoria Season 2 Episode 7,397.0,406.0,brm50spnzfa5e375c8582,50,Gogo Graham 'this game is very extreme' ribbed tank dress,merchandise,l,dress,/,primary,/,/,<0.33-0.32-0.5-0.9>,Hunter Schafer,Jules Vaughn,/,401.22,/,N/A,N/A
dwn10lbnza909320b7421,7,Euphoria Season 2 Episode 7,15.0,2906.0,brm50spnz1a0bcef48642,50,Yam NYC Silver Baby Heart Studs,merchandise,l,earrings,/,primary,/,/,<0.4-0.38-0.97-0.85>*<0.98-0.46-0.98-0.46>*<0.3-0.51-0.48-0.63>,Maude Apatow,Lexi Howard,/,15.96-1543.7-2906.0,/,N/A,N/A
dwn10lbnza909320b7421,7,Euphoria Season 2 Episode 7,595.0,604.0,brm50spnzb05d4e891770,50,HVN Green Kitten Long Maria Dress,merchandise,l,dress,/,primary,/,/,<0.55-0.36-0.81-0.97>,Maude Apatow,Lexi Howard,/,599.26,/,N/A,N/A
dwn10lbnza909320b7421,7,Euphoria Season 2 Episode 7,633.0,642.0,brm50spnzefd838c06591,50,Anna Sui For Target Retro Gold Velvet Asymmetrical Dress,merchandise,l,dress,/,primary,/,/,<0.12-0.12-0.42-0.99>,Maude Apatow,Lexi Howard,/,637.39,/,N/A,N/A
dwn10lbnza909320b7421,7,Euphoria Season 2 Episode 7,633.0,642.0,brm50spnz6fc31d373739,50,Brandy Melville McKenna Lace Top (Short Sleeve),merchandise,l,top,/,primary,/,/,<0.12-0.12-0.42-0.99>,Maude Apatow,Lexi Howard,/,637.39,/,N/A,N/A
dwn10lbnza909320b7421,7,Euphoria Season 2 Episode 7,1023.0,1032.0,brm50spnz13dad5821804,50,& Other Stories Cat Motif SKirt,merchandise,l,bottoms,/,primary,/,/,<0.3-0.11-0.58-0.96>,Maude Apatow,Lexi Howard,/,1027.52,/,N/A,N/A
dwn10lbnza909320b7421,7,Euphoria Season 2 Episode 7,1023.0,1032.0,brm50spnz573ace2e8381,50,Victorias Secret Push Up Prefect Bra in Polka Dot,merchandise,l,lingerie,/,primary,/,/,<0.3-0.11-0.58-0.96>,Maude Apatow,Lexi Howard,/,1027.52,/,N/A,N/A
dwn10lbnza909320b7421,7,Euphoria Season 2 Episode 7,1135.0,2946.0,brm50spnz998e282c3932,50,UO Thea Cardigan,merchandise,l,sweats,/,primary,/,/,<0.08-0.08-0.63-0.97>*<0.14-0.22-0.54-0.83>,Maude Apatow,Lexi Howard,/,1135.83-2945.87,/,N/A,N/A
dwn10lbnza909320b7421,7,Euphoria Season 2 Episode 7,1990.0,1999.0,brm50spnzbb38779a8679,50,Peels NYC Z Jacket,merchandise,l,outerwear,/,primary,/,/,<0.02-0.04-0.27-0.74>,Zendaya,Rue Bennett,/,1994.65,/,N/A,N/A
dwn10lbnza909320b7421,7,Euphoria Season 2 Episode 7,633.0,642.0,brm1spnz9ac98ccc3043,25,"Race Day Shirt – Eclectic Women's Tee for Racing Fans, Stylish Race Day Outfit",merchandise,l,top,https://www.etsy.com/listing/1695071958/race-day-shirt-eclectic-womens-tee-for,etsy,/,USD 27.22,<0.12-0.12-0.42-0.99>,Maude Apatow,Lexi Howard,https://i.etsystatic.com/40881538/r/il/3b1719/5945218749/il_fullxfull.5945218749_6fxe.jpg,637.39,/,N/A,N/A
dwn10lbnza909320b7421,7,Euphoria Season 2 Episode 7,633.0,642.0,brm1spnzae9aa25f2356,25,"Social Worker Shirt, School Social Worker Gift For Social Worker Social Work, Wildflower Retro Boho Floral Tshirt, Comfort Colors® Women Tee",merchandise,l,top,https://www.etsy.com/listing/1721907183/social-worker-shirt-school-social-worker,etsy,/,USD 23.2,<0.12-0.12-0.42-0.99>,Maude Apatow,Lexi Howard,https://i.etsystatic.com/17874665/r/il/83db44/5949638308/il_fullxfull.5949638308_thbk.jpg,637.39,/,N/A,N/A
dwn10lbnza909320b7421,7,Euphoria Season 2 Episode 7,225.0,234.0,brm50spnz72005c7b6002,50,Hanes Men’s Full-Zip EcoSmart Fleece Hoodie,merchandise,l,sweats,/,primary,/,/,<0.29-0.09-0.83-0.93>,Zendaya,Rue Bennett,/,229.78,/,N/A,N/A
